major_id,uni_id,name
1,1,ACTUACIÓN TEATRAL
2,1,ADMINISTRACIÓN PÚBLICA
3,1,ANTROPOLOGÍA - ARQUEOLOGÍA
4,1,ARQUITECTURA
5,1,ARTES VISUALES
6,1,"BACHILLERATO, PROGRAMA ACADÉMICO DE"
7,1,BIOLOGÍA CON MENCIÓN EN MEDIO AMBIENTE
8,1,BIOQUÍMICA
9,1,CIENCIA POLÍTICA
10,1,CINE Y TELEVISIÓN
11,1,CONTADOR AUDITOR
12,1,DANZA
13,1,DERECHO
14,1,DISEÑO
15,1,DISEÑO TEATRAL
16,1,ENFERMERÍA
17,1,ESTUDIOS INTERNACIONALES
18,1,"FILOSOFÍA, LICENCIATURA EN"
19,1,FONOAUDIOLOGÍA
20,1,GEOGRAFÍA
21,1,"HISTORIA, LICENCIATURA EN"
22,1,INGENIERÍA AGRONÓMICA
23,1,INGENIERÍA COMERCIAL
24,1,INGENIERÍA EN ALIMENTOS
25,1,INGENIERÍA EN BIOTECNOLOGÍA MOLECULAR
26,1,INGENIERÍA EN INFORMACIÓN Y CONTROL DE GESTIÓN
27,1,INGENIERÍA EN RECURSOS HÍDRICOS
28,1,INGENIERÍA EN RECURSOS NATURALES RENOVABLES
29,1,INGENIERÍA EN SONIDO
30,1,INGENIERÍA FORESTAL
31,1,INGENIERÍA Y CIENCIAS - PLAN COMÚN
32,1,KINESIOLOGÍA
33,1,LIC. EN CIENCIAS CON MENCIÓN EN BIOLOGÍA
34,1,LIC. EN CIENCIAS CON MENCIÓN EN FÍSICA
35,1,LIC. EN CIENCIAS CON MENCIÓN EN MATEMÁTICAS
36,1,LIC. EN CIENCIAS CON MENCIÓN EN QUÍMICA
37,1,LICENCIADO/A EN ARTES CON MENCIÓN EN COMPOSICIÓN
38,1,"LINGÜÍSTICA Y LITERATURA INGLÉSAS, LICENCIATURA EN"
39,1,"LINGÜÍSTICA Y LITERATURA, LICENCIATURA EN"
40,1,MEDICINA
41,1,MEDICINA VETERINARIA
42,1,NUTRICIÓN Y DIETÉTICA
43,1,OBSTETRICIA Y PUERICULTURA
44,1,ODONTOLOGÍA
45,1,PEDAGOGÍA EN EDUCACIÓN BÁSICA
46,1,PEDAGOGÍA EN EDUCACIÓN ESPECIAL
47,1,PEDAGOGÍA EN EDUCACIÓN FÍSICA
48,1,PEDAGOGÍA EN EDUCACIÓN MEDIA EN BIOLOGÍA Y QUÍMICA
49,1,PEDAGOGÍA EN EDUCACIÓN MEDIA EN MATEMÁTICA Y FÍSICA
50,1,PEDAGOGÍA EN EDUCACIÓN PARVULARIA
51,1,PERIODISMO
52,1,PSICOLOGÍA
53,1,QUÍMICA
54,1,QUÍMICA AMBIENTAL
55,1,QUÍMICA Y FARMACIA
56,1,SOCIOLOGÍA
57,1,TECNOLOGÍA MÉDICA
58,1,TEORÍA DE LA MÚSICA
59,1,"TEORÍA E HISTORIA DEL ARTE, LIC. EN ARTES CON MENCIÓN EN"
60,1,TERAPIA OCUPACIONAL
61,1,TRABAJO SOCIAL
62,2,ACTUACIÓN
63,2,ADMINISTRACIÓN PÚBLICA
64,2,AGRONOMÍA E INGENIERÍA FORESTAL
65,2,ANTROPOLOGÍA-ARQUEOLOGÍA
66,2,ARQUITECTURA
67,2,ARTE
68,2,ASTRONOMÍA
69,2,BIOLOGÍA
70,2,BIOLOGÍA MARINA
71,2,BIOQUÍMICA
72,2,CIENCIA POLÍTICA
73,2,COLLEGE ARTES Y HUMANIDADES
74,2,COLLEGE CIENCIAS NATURALES Y MATEMÁTICAS
75,2,COLLEGE CIENCIAS SOCIALES
76,2,CONSTRUCCIÓN CIVIL
77,2,DERECHO
78,2,DISEÑO
79,2,ENFERMERÍA
80,2,ESTADÍSTICA
81,2,Estadística
82,2,FILOSOFÍA
83,2,FONOAUDIOLOGÍA
84,2,FÍSICA
85,2,GEOGRAFÍA
86,2,HISTORIA
87,2,INGENIERÍA
88,2,INGENIERÍA COMERCIAL
89,2,INGENIERÍA EN RECURSOS NATURALES
90,2,Ingeniería
91,2,Ingeniería Comercial
92,2,Ingeniería en Recursos Naturales
93,2,KINESIOLOGÍA
94,2,LETRAS HISPÁNICAS
95,2,LETRAS INGLÉSAS
96,2,LICENCIATURA EN INGENIERÍA EN CIENCIA DE DATOS
97,2,LICENCIATURA EN INGENIERÍA EN CIENCIA DE LA COMPUTACIÓN
98,2,LICENCIATURA EN INTERPRETACIÓN MUSICAL
99,2,LICENCIATURA EN MÚSICA
100,2,Licenciatura en Ingeniería en Ciencia de Datos
101,2,Licenciatura en Ingeniería en Ciencias de la Computación
102,2,MATEMÁTICA
103,2,MEDICINA
104,2,MEDICINA VETERINARIA
105,2,NUTRICIÓN Y DIETÉTICA
106,2,ODONTOLOGÍA
107,2,PEDAGOGÍA EN EDUCACIÓN ESPECIAL
108,2,PEDAGOGÍA EN EDUCACIÓN FÍSICA Y SALUD PARA EDUCACIÓN BÁSICA Y MEDIA
109,2,PEDAGOGÍA EN EDUCACIÓN GENERAL BÁSICA
110,2,PEDAGOGÍA EN EDUCACIÓN MEDIA EN CIENCIAS NATURALES Y BIOLOGÍA
111,2,PEDAGOGÍA EN EDUCACIÓN MEDIA EN FÍSICA
112,2,PEDAGOGÍA EN EDUCACIÓN MEDIA EN MATEMÁTICA
113,2,PEDAGOGÍA EN EDUCACIÓN MEDIA EN QUÍMICA
114,2,PEDAGOGÍA EN EDUCACIÓN PARVULARIA
115,2,PEDAGOGÍA EN INGLÉS PARA EDUCACIÓN BÁSICA Y MEDIA
116,2,PERIODISMO - DIRECCIÓN AUDIOVISUAL - PUBLICIDAD
117,2,PSICOLOGÍA
118,2,Pedagogía en Educación Media en Matemática
119,2,QUÍMICA
120,2,QUÍMICA Y FARMACIA
121,2,SOCIOLOGÍA
122,2,TEOLOGÍA
123,2,TERAPIA OCUPACIONAL
124,2,TRABAJO SOCIAL
125,3,ADMINISTRACIÓN PÚBLICA Y CIENCIA POLÍTICA
126,3,AGRONOMÍA
127,3,ANTROPOLOGÍA
128,3,ARQUITECTURA
129,3,ARTES VISUALES
130,3,ASTRONOMÍA
131,3,AUDITORIA
132,3,AUDITORIA - DIURNA
133,3,BACHILLERATO EN CIENCIAS E INNOVACIÓN
134,3,BACHILLERATO EN HUMANIDADES
135,3,BIOINGENIERÍA
136,3,BIOLOGÍA
137,3,BIOLOGÍA MARINA
138,3,BIOQUÍMICA
139,3,CIENCIAS FÍSICAS
140,3,DERECHO
141,3,EDUCACIÓN BÁSICA
142,3,EDUCACIÓN DIFERENCIAL
143,3,EDUCACIÓN PARVULARIA
144,3,ENFERMERÍA
145,3,FONOAUDIOLOGÍA
146,3,GEOFISICA
147,3,GEOGRAFÍA
148,3,GEOLOGÍA
149,3,INGENIERÍA AMBIENTAL
150,3,INGENIERÍA CIVIL
151,3,INGENIERÍA CIVIL AEROESPACIAL
152,3,INGENIERÍA CIVIL AGRÍCOLA
153,3,INGENIERÍA CIVIL BIOMÉDICAS
154,3,INGENIERÍA CIVIL DE MINAS
155,3,INGENIERÍA CIVIL ELECTRÓNICA
156,3,INGENIERÍA CIVIL ELÉCTRICA
157,3,INGENIERÍA CIVIL EN TELECOMUNICACIONES
158,3,INGENIERÍA CIVIL INDUSTRIAL
159,3,INGENIERÍA CIVIL INFORMÁTICA
160,3,INGENIERÍA CIVIL MATEMÁTICA
161,3,INGENIERÍA CIVIL MECÁNICA
162,3,INGENIERÍA CIVIL METALÚRGICA
163,3,INGENIERÍA CIVIL QUÍMICA
164,3,"INGENIERÍA CIVIL, PRIMER AÑO COMÚN"
165,3,INGENIERÍA COMERCIAL
166,3,INGENIERÍA EN BIOTECNOLOGÍA MARINA Y ACUICULTURA
167,3,INGENIERÍA EN BIOTECNOLOGÍA VEGETAL
168,3,INGENIERÍA EN CONSERVACIÓN DE RECURSOS NATURALES
169,3,INGENIERÍA ESTADÍSTICA
170,3,INGENIERÍA FORESTAL
171,3,INGENIERÍA GEOMÁTICA
172,3,KINESIOLOGÍA
173,3,LICENCIATURA EN HISTORIA
174,3,LICENCIATURA EN MATEMÁTICA
175,3,LICENCIATURA EN QUÍMICA - QUÍMICO
176,3,MEDICINA
177,3,MEDICINA VETERINARIA
178,3,NUTRICIÓN Y DIETÉTICA
179,3,OBSTETRICIA Y PUERICULTURA
180,3,ODONTOLOGÍA
181,3,PEDAGOGÍA EN ARTES VISUALES
182,3,PEDAGOGÍA EN CIENCIAS NATURALES Y BIOLOGÍA
183,3,PEDAGOGÍA EN CIENCIAS NATURALES Y FÍSICA
184,3,PEDAGOGÍA EN CS. NATURALES Y BIOLOGÍA
185,3,PEDAGOGÍA EN CS. NATURALES Y QUÍMICA
186,3,PEDAGOGÍA EN EDUCACIÓN FÍSICA
187,3,PEDAGOGÍA EN EDUCACIÓN MUSICAL
188,3,PEDAGOGÍA EN ESPAÑOL
189,3,PEDAGOGÍA EN FILOSOFÍA
190,3,PEDAGOGÍA EN HISTORIA Y GEOGRAFÍA
191,3,PEDAGOGÍA EN INGLÉS
192,3,PEDAGOGÍA EN MATEMÁTICA
193,3,PERIODISMO
194,3,PSICOLOGÍA
195,3,QUÍMICA Y FARMACIA
196,3,QUÍMICO ANALISTA
197,3,SOCIOLOGÍA
198,3,TEATRO
199,3,TECNOLOGÍA MEDICA
200,3,TRABAJO SOCIAL
201,3,TRADUCCIÓN/INTERPRETACIÓN EN IDIOMAS EXTRANJEROS
202,4,ADMINISTRACIÓN PÚBLICA
203,4,AGRONOMÍA
204,4,ANIMACIÓN DIGITAL
205,4,ARQUITECTURA
206,4,BACHILLERATO EN CIENCIAS
207,4,BACHILLERATO EN INGENIERÍA
208,4,BIOQUÍMICA
209,4,CONTADOR AUDITOR
210,4,DERECHO
211,4,DESARROLLO DE VIDEOJUEGOS Y SIMULACIÓN VIRTUAL
212,4,"DISEÑO, CON MENCIONES"
213,4,EDUCACIÓN PARVULARIA
214,4,FOTOGRAFÍA PROFESIONAL
215,4,GEOGRAFÍA
216,4,ILUSTRACIÓN
217,4,INGENIERÍA CIVIL
218,4,INGENIERÍA CIVIL BIOQUÍMICA
219,4,INGENIERÍA CIVIL DE MINAS
220,4,INGENIERÍA CIVIL ELECTRÓNICA
221,4,INGENIERÍA CIVIL ELÉCTRICA
222,4,INGENIERÍA CIVIL EN CIENCIA DE DATOS
223,4,INGENIERÍA CIVIL EN CONSTRUCCIÓN
224,4,INGENIERÍA CIVIL EN TELECOMUNICACIONES
225,4,INGENIERÍA CIVIL EN TRANSPORTE
226,4,INGENIERÍA CIVIL INDUSTRIAL
227,4,INGENIERÍA CIVIL INFORMÁTICA
228,4,INGENIERÍA CIVIL MECÁNICA
229,4,INGENIERÍA CIVIL METALÚRGICA
230,4,INGENIERÍA CIVIL QUÍMICA
231,4,INGENIERÍA COMERCIAL
232,4,INGENIERÍA ELECTRÓNICA
233,4,INGENIERÍA ELÉCTRICA
234,4,INGENIERÍA EN CONSTRUCCIÓN
235,4,INGENIERÍA EN INFORMÁTICA
236,4,INGENIERÍA MECÁNICA
237,4,INTERPRETACIÓN O TRADUCCIÓN
238,4,KINESIOLOGÍA
239,4,LICENCIATURA EN ARTE
240,4,LICENCIATURA EN BIOLOGÍA
241,4,LICENCIATURA EN CIENCIAS Y ARTES MUSICALES
242,4,LICENCIATURA EN FILOSOFÍA
243,4,LICENCIATURA EN FÍSICA O LICENCIATURA EN FÍSICA MENCIÓN ASTRONOMÍA
244,4,LICENCIATURA EN HISTORIA
245,4,LICENCIATURA EN LINGÜÍSTICA Y LITERATURA
246,4,LICENCIATURA EN MATEMÁTICAS
247,4,OCEANOGRAFÍA O BIOLOGÍA MARINA
248,4,PEDAGOGÍA EN BIOLOGÍA Y CIENCIAS NATURALES
249,4,PEDAGOGÍA EN CASTELLANO Y COMUNICACIÓN
250,4,PEDAGOGÍA EN EDUCACIÓN BÁSICA CON MENCIONES
251,4,"PEDAGOGÍA EN EDUCACIÓN ESPECIAL, CON MENCIONES"
252,4,PEDAGOGÍA EN EDUCACIÓN FÍSICA
253,4,PEDAGOGÍA EN FILOSOFÍA
254,4,PEDAGOGÍA EN FÍSICA Y CIENCIAS NATURALES
255,4,"PEDAGOGÍA EN HISTORIA, GEOGRAFÍA Y CIENCIAS SOCIALES"
256,4,PEDAGOGÍA EN INGLÉS
257,4,PEDAGOGÍA EN MATEMÁTICAS
258,4,PEDAGOGÍA EN MÚSICA
259,4,PEDAGOGÍA EN QUÍMICA Y CIENCIAS NATURALES
260,4,PERIODISMO
261,4,PRODUCCIÓN MUSICAL
262,4,PSICOLOGÍA
263,4,PUBLICIDAD
264,4,QUÍMICA INDUSTRIAL
265,4,QUÍMICA Y FARMACIA
266,4,TECNOLOGÍA MEDICA
267,4,TRABAJO SOCIAL
268,5,ARQUITECTURA
269,5,CONSTRUCCIÓN CIVIL
270,5,INGENIERÍA CIVIL
271,5,INGENIERÍA CIVIL AMBIENTAL
272,5,INGENIERÍA CIVIL DE MINAS
273,5,INGENIERÍA CIVIL ELECTRÓNICA
274,5,INGENIERÍA CIVIL ELÉCTRICA
275,5,INGENIERÍA CIVIL EN BIOTECNOLOGÍA
276,5,INGENIERÍA CIVIL FÍSICA
277,5,INGENIERÍA CIVIL INDUSTRIAL
278,5,INGENIERÍA CIVIL INFORMÁTICA
279,5,INGENIERÍA CIVIL MATEMÁTICA
280,5,INGENIERÍA CIVIL MECÁNICA
281,5,INGENIERÍA CIVIL METALÚRGICA
282,5,INGENIERÍA CIVIL PLAN COMÚN
283,5,INGENIERÍA CIVIL QUÍMICA
284,5,INGENIERÍA CIVIL TELEMÁTICA
285,5,INGENIERÍA COMERCIAL
286,5,INGENIERÍA EN AVIACIÓN COMERCIAL
287,5,INGENIERÍA EN BIOTECNOLOGÍA
288,5,INGENIERÍA EN DISEÑO DE PRODUCTOS
289,5,INGENIERÍA EN FABRICACIÓN Y DISEÑO INDUSTRIAL
290,5,INGENIERÍA EN INFORMÁTICA
291,5,INGENIERÍA EN MANTENIMIENTO INDUSTRIAL
292,5,INGENIERÍA EN PREVENCIÓN DE RIESGOS LABORALES Y AMBIENTALES
293,5,LICENCIATURA EN ASTROFÍSICA
294,5,LICENCIATURA EN FÍSICA
295,6,ADMINISTRACIÓN PÚBLICA
296,6,ANALISTA EN COMPUTACIÓN CIENTÍFICA / LICENCIATURA EN CIENCIA DE LA COMPUTACIÓN
297,6,ANÁLISIS Y GESTIÓN DE PROCESOS PRODUCTIVOS
298,6,ARQUITECTURA
299,6,ASTROFÍSICA CON MENCIÓN EN CIENCIA DE DATOS
300,6,BACHILLERATO EN CIENCIAS Y HUMANIDADES
301,6,BIOQUÍMICA
302,6,CONTADOR PÚBLICO Y AUDITOR
303,6,DERECHO
304,6,DISEÑO EN COMUNICACIÓN VISUAL
305,6,DISEÑO INDUSTRIAL
306,6,ENFERMERÍA
307,6,GESTIÓN DE PERSONAS
308,6,INGENIERÍA CIVIL BIOMÉDICA
309,6,INGENIERÍA CIVIL EN AMBIENTE
310,6,INGENIERÍA CIVIL EN BIOTECNOLOGÍA
311,6,INGENIERÍA CIVIL EN ELECTRICIDAD
312,6,INGENIERÍA CIVIL EN GEOMENSURA Y GEOMÁTICA
313,6,INGENIERÍA CIVIL EN INFORMÁTICA
314,6,INGENIERÍA CIVIL EN MECÁNICA
315,6,INGENIERÍA CIVIL EN METALURGIA
316,6,INGENIERÍA CIVIL EN MINAS
317,6,INGENIERÍA CIVIL EN OBRAS CIVILES
318,6,INGENIERÍA CIVIL EN QUÍMICA
319,6,INGENIERÍA CIVIL EN TELEMÁTICA
320,6,INGENIERÍA CIVIL EN TERRITORIO Y MEDIOAMBIENTE
321,6,INGENIERÍA CIVIL INDUSTRIAL
322,6,INGENIERÍA CIVIL MECATRÓNICA
323,6,INGENIERÍA COMERCIAL
324,6,INGENIERÍA DE ALIMENTOS
325,6,INGENIERÍA DE EJECUCIÓN EN CLIMATIZACIÓN
326,6,INGENIERÍA DE EJECUCIÓN EN COMPUTACIÓN E INFORMÁTICA
327,6,INGENIERÍA DE EJECUCIÓN EN ELECTRICIDAD
328,6,INGENIERÍA DE EJECUCIÓN EN MECÁNICA
329,6,INGENIERÍA DE EJECUCIÓN EN METALURGIA
330,6,INGENIERÍA DE EJECUCIÓN EN MINAS
331,6,INGENIERÍA DE EJECUCIÓN EN QUÍMICA
332,6,INGENIERÍA DE EJECUCIÓN INDUSTRIAL
333,6,INGENIERÍA EN AGRONEGOCIOS
334,6,INGENIERÍA ESTADÍSTICA
335,6,INGENIERÍA FÍSICA
336,6,INGENIERÍA MATEMÁTICA
337,6,KINESIOLOGÍA
338,6,LICENCIATURA EN CIENCIAS DE LA ACTIVIDAD FÍSICA / ENTRENADOR DEPORTIVO
339,6,LICENCIATURA EN CIENCIAS DE LA ACTIVIDAD FÍSICA / TERAPEUTA EN ACTIVIDAD FÍSICA Y SALUD
340,6,LICENCIATURA EN ESTUDIOS INTERNACIONALES
341,6,LICENCIATURA EN HISTORIA
342,6,LICENCIATURA EN LINGÜÍSTICA APLICADA A LA TRADUCCIÓN EN INGLÉS - JAPONÉS E INGLÉS - PORTUGUÉS
343,6,MEDICINA
344,6,OBSTETRICIA Y PUERICULTURA
345,6,PEDAGOGÍA EN CASTELLANO
346,6,PEDAGOGÍA EN EDUCACIÓN FÍSICA
347,6,PEDAGOGÍA EN EDUCACIÓN GENERAL BÁSICA
348,6,PEDAGOGÍA EN FILOSOFÍA
349,6,PEDAGOGÍA EN FÍSICA Y MATEMÁTICA
350,6,PEDAGOGÍA EN HISTORIA Y CIENCIAS SOCIALES
351,6,PEDAGOGÍA EN INGLÉS
352,6,PEDAGOGÍA EN MATEMÁTICA Y COMPUTACIÓN
353,6,PEDAGOGÍA EN QUÍMICA Y BIOLOGÍA
354,6,PERIODISMO
355,6,PSICOLOGÍA
356,6,PUBLICIDAD
357,6,QUÍMICA
358,6,QUÍMICA Y FARMACIA
359,6,TECNOLOGÍA EN ALIMENTOS
360,6,TECNOLOGÍA EN AUTOMATIZACIÓN INDUSTRIAL
361,6,TECNOLOGÍA EN CONSTRUCCIONES
362,6,TECNOLOGÍA EN MANTENIMIENTO INDUSTRIAL
363,6,TECNOLOGÍA EN TELECOMUNICACIONES
364,6,TERAPIA OCUPACIONAL
365,6,TÉCNICO UNIVERSITARIO EN ANÁLISIS QUÍMICO Y FÍSICO
366,7,"ADMINISTRACIÓN DE EMPRESAS DE TURISMO, LICENCIATURA EN TURISMO"
367,7,"ADMINISTRACIÓN PÚBLICA, LICENCIATURA EN ADMINISTRACIÓN PÚBLICA Y CIENCIAS POLÍTICAS"
368,7,"AGRONOMÍA, LICENCIATURA EN AGRONOMÍA"
369,7,"ANTROPOLOGÍA, LICENCIATURA EN ANTROPOLOGÍA"
370,7,"ARQUEOLOGÍA, LICENCIATURA EN ARQUEOLOGÍA"
371,7,"ARQUITECTURA, LICENCIATURA EN ARQUITECTURA"
372,7,"ARTES MUSICALES Y SONORAS, LICENCIATURA EN ARTES MUSICALES Y SONORAS"
373,7,"AUDITORÍA, LICENCIATURA EN CONTROL DE GESTIÓN"
374,7,"BIOLOGÍA MARINA, LICENCIATURA EN BIOLOGÍA MARINA"
375,7,"BIOLOGÍA, LICENCIATURA EN CIENCIAS BIOLÓGICAS"
376,7,"BIOQUÍMICA, LICENCIATURA EN BIOQUÍMICA"
377,7,"CREACIÓN AUDIOVISUAL, LICENCIATURA EN CREACIÓN AUDIOVISUAL"
378,7,"DERECHO, LICENCIATURA EN CIENCIAS JURÍDICAS Y SOCIALES"
379,7,"DISEÑO, LICENCIATURA EN DISEÑO"
380,7,"ENFERMERÍA, LICENCIATURA EN ENFERMERÍA"
381,7,"FONOAUDIOLOGÍA, LICENCIATURA EN FONOAUDIOLOGÍA"
382,7,"GEOGRAFÍA, LICENCIATURA EN GEOGRAFÍA"
383,7,"GEOLOGÍA, LICENCIATURA EN GEOLOGÍA"
384,7,"INGENIERÍA AMBIENTAL, LICENCIATURA EN CIENCIAS AMBIENTALES"
385,7,"INGENIERÍA CIVIL ACÚSTICA, LICENCIATURA EN CIENCIAS DE LA INGENIERÍA"
386,7,"INGENIERÍA CIVIL ELECTRÓNICA, LICENCIATURA EN CIENCIAS DE LA INGENIERÍA"
387,7,"INGENIERÍA CIVIL EN INFORMÁTICA, LICENCIATURA EN CIENCIAS DE LA INGENIERÍA"
388,7,"INGENIERÍA CIVIL EN OBRAS CIVILES, LICENCIATURA EN CIENCIAS DE LA INGENIERÍA"
389,7,"INGENIERÍA CIVIL INDUSTRIAL, LICENCIATURA EN CIENCIAS DE LA INGENIERÍA"
390,7,"INGENIERÍA CIVIL MECÁNICA, LICENCIATURA EN CIENCIAS DE LA INGENIERÍA"
391,7,"INGENIERÍA COMERCIAL, LICENCIATURA EN CIENCIAS DE LA ADMINISTRACIÓN DE EMPRESAS"
392,7,"INGENIERÍA EN ALIMENTOS, LICENCIATURA EN CIENCIAS DE LOS ALIMENTOS"
393,7,"INGENIERÍA EN CONSERVACIÓN DE RECURSOS NATURALES - INGENIERÍA FORESTAL, LICENCIATURA EN CIENCIAS FORESTALES O LICENCIATURA EN CONSERVACIÓN DE RECURSOS NATURALES"
394,7,"INGENIERÍA EN CONSTRUCCIÓN, LICENCIATURA EN CIENCIAS DE LA CONSTRUCCIÓN"
395,7,"INGENIERÍA EN INFORMACIÓN Y CONTROL DE GESTIÓN, LICENCIATURA EN CIENCIAS DE LA INFORMACIÓN Y CONTROL DE GESTIÓN"
396,7,"INGENIERÍA NAVAL, LICENCIATURA EN CIENCIAS DE LA INGENIERÍA"
397,7,INGENIERÍA PLAN COMÚN
398,7,"KINESIOLOGÍA, LICENCIATURA EN KINESIOLOGÍA"
399,7,LICENCIATURA EN ARTES VISUALES
400,7,LICENCIATURA EN CIENCIAS CON MENCIÓN
401,7,"MEDICINA VETERINARIA, LICENCIATURA EN MEDICINA VETERINARIA"
402,7,"MEDICINA: CAMPO CLÍNICO OSORNO, LICENCIATURA EN MEDICINA"
403,7,"MEDICINA: CAMPO CLÍNICO VALDIVIA, LICENCIATURA EN MEDICINA"
404,7,"OBSTETRICIA Y PUERICULTURA, LICENCIATURA EN OBSTETRICIA Y PUERICULTURA"
405,7,"ODONTOLOGÍA, LICENCIATURA EN CIENCIAS ODONTOLÓGICAS"
406,7,"PEDAGOGÍA EN COMUNICACIÓN EN LENGUA INGLÉSA, LICENCIATURA EN EDUCACIÓN"
407,7,"PEDAGOGÍA EN EDUCACIÓN BÁSICA CON MENCIONES, LICENCIATURA EN EDUCACIÓN"
408,7,"PEDAGOGÍA EN EDUCACIÓN DIFERENCIAL CON MENCIÓN, LICENCIATURA EN EDUCACIÓN"
409,7,"PEDAGOGÍA EN EDUCACIÓN FÍSICA, DEPORTES Y RECREACIÓN, LICENCIATURA EN EDUCACIÓN"
410,7,"PEDAGOGÍA EN EDUCACIÓN PARVULARIA, LICENCIATURA EN EDUCACIÓN"
411,7,"PEDAGOGÍA EN HISTORIA Y CIENCIAS SOCIALES, LICENCIATURA EN EDUCACIÓN"
412,7,"PEDAGOGÍA EN LENGUAJE Y COMUNICACIÓN, LICENCIATURA EN EDUCACIÓN"
413,7,"PEDAGOGÍA EN MATEMÁTICAS, LICENCIATURA EN EDUCACIÓN"
414,7,"PERIODISMO, LICENCIATURA EN COMUNICACIÓN SOCIAL"
415,7,"PSICOLOGÍA, LICENCIATURA EN PSICOLOGÍA"
416,7,"QUÍMICA Y FARMACIA, LICENCIATURA EN CIENCIAS FARMACÉUTICAS"
417,7,"QUÍMICA, LICENCIATURA EN CIENCIAS QUÍMICAS"
418,7,"TECNOLOGÍA MÉDICA, LICENCIATURA EN TECNOLOGÍA MÉDICA"
419,7,"TERAPIA OCUPACIONAL, LICENCIATURA EN TERAPIA OCUPACIONAL"
420,7,"TRABAJO SOCIAL, LICENCIATURA EN TRABAJO SOCIAL"
421,8,ANALISTA QUÍMICO
422,8,ARQUITECTURA
423,8,BIOLOGÍA MARINA
424,8,CONTADOR AUDITOR - CONTADOR PÚBLICO
425,8,DERECHO
426,8,ENFERMERÍA
427,8,GEOLOGÍA
428,8,INGENIERÍA CIVIL
429,8,INGENIERÍA CIVIL AMBIENTAL
430,8,INGENIERÍA CIVIL DE MINAS
431,8,INGENIERÍA CIVIL ELECTRÓNICA
432,8,INGENIERÍA CIVIL EN COMPUTACIÓN E INFORMÁTICA
433,8,INGENIERÍA CIVIL EN CONSTRUCCIÓN
434,8,INGENIERÍA CIVIL EN ENERGÍA
435,8,INGENIERÍA CIVIL INDUSTRIAL
436,8,INGENIERÍA CIVIL METALÚRGICA
437,8,"INGENIERÍA CIVIL PLAN COMÚN, CONDUCENTE A:"
438,8,INGENIERÍA CIVIL QUÍMICA
439,8,INGENIERÍA COMERCIAL
440,8,INGENIERÍA EN ACUICULTURA
441,8,INGENIERÍA EN COMPUTACIÓN E INFORMÁTICA
442,8,INGENIERÍA EN CONSTRUCCIÓN
443,8,INGENIERÍA EN INFORMACIÓN Y CONTROL DE GESTIÓN
444,8,INGENIERÍA EN METALURGIA
445,8,INGENIERÍA EN PREVENCIÓN DE RIESGOS Y MEDIOAMBIENTE
446,8,INGENIERÍA EN TECNOLOGÍAS DE INFORMACIÓN
447,8,KINESIOLOGÍA
448,8,LICENCIATURA EN FÍSICA CON MENCIÓN EN ASTRONOMÍA
449,8,LICENCIATURA EN MATEMÁTICA
450,8,MEDICINA
451,8,NUTRICIÓN Y DIETÉTICA
452,8,PEDAGOGÍA EN EDUCACIÓN BÁSICA CON ESPECIALIZACIÓN EN:
453,8,PEDAGOGÍA EN EDUCACIÓN DIFERENCIAL CON MENCIÓN EN DESARROLLO EMOCIONAL Y COGNITIVO
454,8,PEDAGOGÍA EN EDUCACIÓN PARVULARIA CON MENCIÓN EN DESARROLLO EMOCIONAL Y COGNITIVO
455,8,PEDAGOGÍA EN FILOSOFÍA Y RELIGIÓN
456,8,PEDAGOGÍA EN INGLÉS
457,8,PEDAGOGÍA EN MATEMÁTICA EN EDUCACIÓN MEDIA
458,8,PERIODISMO
459,8,PSICOLOGÍA
460,8,QUÍMICA INDUSTRIAL
461,8,QUÍMICA Y FARMACIA
462,9,ADMINISTRACIÓN HOTELERA Y GASTRONÓMICA
463,9,ADMINISTRACIÓN PÚBLICA
464,9,ARQUITECTURA
465,9,AUDITORÍA
466,9,BIOLOGÍA MARINA
467,9,CINE
468,9,DERECHO
469,9,DISEÑO
470,9,ECOLOGÍA
471,9,EDUCACIÓN PARVULARIA
472,9,ENFERMERÍA
473,9,FONOAUDIOLOGÍA
474,9,GESTIÓN EN TURISMO Y CULTURA
475,9,INGENIERÍA AMBIENTAL
476,9,INGENIERÍA CIVIL
477,9,INGENIERÍA CIVIL - PLAN COMÚN
478,9,INGENIERÍA CIVIL AMBIENTAL
479,9,INGENIERÍA CIVIL BIOMÉDICA
480,9,INGENIERÍA CIVIL INDUSTRIAL
481,9,INGENIERÍA CIVIL INFORMÁTICA
482,9,INGENIERÍA CIVIL MATEMÁTICA
483,9,INGENIERÍA CIVIL OCEÁNICA
484,9,INGENIERÍA COMERCIAL
485,9,INGENIERÍA EN CONSTRUCCIÓN
486,9,INGENIERÍA EN ESTADÍSTICA Y CIENCIA DE DATOS
487,9,INGENIERÍA EN FINANZAS
488,9,INGENIERÍA EN GESTIÓN LOGÍSTICA
489,9,INGENIERÍA EN INFORMACIÓN Y CONTROL DE GESTIÓN
490,9,INGENIERÍA EN INFORMÁTICA
491,9,INGENIERÍA EN NEGOCIOS INTERNACIONALES
492,9,KINESIOLOGÍA
493,9,LICENCIATURA EN CIENCIAS MENCIÓN EN BIOLOGÍA O EN QUÍMICA
494,9,LICENCIATURA EN FÍSICA MENCIÓN ASTRONOMÍA O MENCIÓN CIENCIAS ATMOSFÉRICAS O MENCIÓN COMPUTACIÓN CIENTÍFICA
495,9,MEDICINA
496,9,NUTRICIÓN Y DIETÉTICA
497,9,OBSTETRICIA Y PUERICULTURA
498,9,ODONTOLOGÍA
499,9,PEDAGOGÍA EN FILOSOFÍA
500,9,PEDAGOGÍA EN HISTORIA Y CIENCIAS SOCIALES
501,9,PEDAGOGÍA EN LENGUA Y LITERATURA
502,9,PEDAGOGÍA EN MATEMÁTICAS O LICENCIATURA EN MATEMÁTICAS
503,9,PEDAGOGÍA EN MÚSICA
504,9,PSICOLOGÍA
505,9,QUÍMICA Y FARMACIA
506,9,SOCIOLOGÍA
507,9,TEATRO
508,9,TECNOLOGÍA MÉDICA
509,9,TRABAJO SOCIAL
510,10,ADMINISTRACIÓN PÚBLICA
511,10,ARTES ESCÉNICAS
512,10,BACHILLERATO EN CIENCIAS
513,10,BACHILLERATO EN CIENCIAS DE LA SALUD
514,10,BACHILLERATO EN CIENCIAS SOCIALES Y ARTES
515,10,BIOLOGÍA MARINA
516,10,BIOQUÍMICA
517,10,DERECHO
518,10,"DISEÑO GRÁFICO, MENCIÓN DISEÑO ESTRATÉGICO"
519,10,ENFERMERÍA
520,10,FONOAUDIOLOGÍA
521,10,INGENIERÍA CIVIL ELÉCTRICA
522,10,INGENIERÍA CIVIL EN GEOMENSURA Y GEOMÁTICA
523,10,INGENIERÍA CIVIL EN MINAS
524,10,INGENIERÍA CIVIL EN PROCESOS DE MINERALES
525,10,INGENIERÍA CIVIL INDUSTRIAL
526,10,INGENIERÍA CIVIL MECÁNICA
527,10,"INGENIERÍA COMERCIAL, MENCIÓN NEGOCIOS MINEROS"
528,10,INGENIERÍA EN BIOTECNOLOGÍA
529,10,Ingeniería Civil Eléctrica
530,10,Ingeniería Civil Industrial
531,10,Ingeniería Civil Mecánica
532,10,Ingeniería Civil en Minas
533,10,Ingeniería Civil en Procesos Minerales
534,10,Ingeniería civil en Geomensura y Geomática
535,10,Ingeniería en Biotecnología
536,10,KINESIOLOGÍA
537,10,"LICENCIATURA EN CIENCIAS, MENCIÓN FÍSICA Y ASTROFÍSICA"
538,10,"Licenciatura en Ciencias, mención física y astrofísica"
539,10,MEDICINA
540,10,MÚSICA
541,10,NUTRICIÓN Y DIETÉTICA
542,10,OBSTETRICIA Y PUERICULTURA
543,10,ODONTOLOGÍA
544,10,PEDAGOGÍA EN BIOLOGÍA Y CIENCIAS NATURALES
545,10,"PEDAGOGÍA EN EDUCACIÓN BÁSICA, MENCIÓN EN LENGUAJE Y COMUNICACIÓN Y MATEMÁTICA"
546,10,PEDAGOGÍA EN EDUCACIÓN FÍSICA
547,10,"PEDAGOGÍA EN EDUCACIÓN PARVULARIA, MENCIÓN NECESIDADES EDUCATIVAS ESPECIALES"
548,10,PEDAGOGÍA EN INGLÉS PARA EDUCACIÓN BÁSICA Y MEDIA
549,10,PEDAGOGÍA EN LENGUAJE Y COMUNICACIÓN
550,10,PEDAGOGÍA EN MATEMÁTICA
551,10,PSICOLOGÍA
552,10,Pedagogía en Matemática
553,10,QUÍMICA Y FARMACIA
554,10,TECNOLOGÍA MÉDICA EN IMAGENOLOGÍA Y FÍSICA MÉDICA
555,10,"TECNOLOGÍA MÉDICA EN LABORATORIO CLÍNICO, HEMATOLOGÍA Y MEDICINA TRANSFUSIONAL"
556,10,TERAPIA OCUPACIONAL
557,10,TRABAJO SOCIAL
558,11,ADMINISTRACIÓN PÚBLICA
559,11,ARQUITECTURA
560,11,AUDITORÍA
561,11,DERECHO
562,11,DISEÑO
563,11,ENFERMERÍA
564,11,INGENIERÍA CIVIL
565,11,INGENIERÍA CIVIL AMBIENTAL
566,11,INGENIERÍA CIVIL DE MINAS
567,11,INGENIERÍA CIVIL EN COMPUTACIÓN E INFORMÁTICA
568,11,INGENIERÍA CIVIL INDUSTRIAL
569,11,INGENIERÍA CIVIL MECÁNICA
570,11,INGENIERÍA COMERCIAL
571,11,INGENIERÍA DE MINAS
572,11,INGENIERÍA EN ADMINISTRACIÓN DE EMPRESAS
573,11,INGENIERÍA EN BIOTECNOLOGÍA MENCIÓN EN ALIMENTOS O PROCESOS SUSTENTABLES
574,11,INGENIERÍA EN CONSTRUCCIÓN
575,11,INGENIERÍA MECÁNICA
576,11,KINESIOLOGÍA
577,11,LICENCIATURA EN ASTRONOMÍA
578,11,LICENCIATURA EN MÚSICA
579,11,MEDICINA
580,11,ODONTOLOGÍA
581,11,PEDAGOGÍA EN BIOLOGÍA Y CIENCIAS NATURALES
582,11,PEDAGOGÍA EN CASTELLANO Y FILOSOFÍA
583,11,PEDAGOGÍA EN EDUCACIÓN DIFERENCIAL
584,11,PEDAGOGÍA EN EDUCACIÓN GENERAL BÁSICA - LA SERENA
585,11,PEDAGOGÍA EN EDUCACIÓN GENERAL BÁSICA - OVALLE
586,11,PEDAGOGÍA EN EDUCACIÓN MUSICAL
587,11,PEDAGOGÍA EN EDUCACIÓN PARVULARIA
588,11,PEDAGOGÍA EN HISTORIA Y GEOGRAFÍA
589,11,PEDAGOGÍA EN INGLÉS
590,11,PEDAGOGÍA EN MATEMÁTICAS
591,11,PEDAGOGÍA EN MATEMÁTICAS Y FÍSICA
592,11,PERIODISMO
593,11,PSICOLOGÍA
594,11,QUÍMICA
595,11,QUÍMICA Y FARMACIA
596,11,TRADUCCIÓN INGLÉS - ESPAÑOL
597,12,ARQUITECTURA
598,12,BACHILLERATO EN CIENCIAS
599,12,CONTADOR PÚBLICO Y AUDITOR
600,12,DERECHO
601,12,DISEÑO GRÁFICO
602,12,DISEÑO INDUSTRIAL
603,12,ENFERMERÍA
604,12,FONOAUDIOLOGÍA
605,12,INGENIERÍA CIVIL
606,12,INGENIERÍA CIVIL ELÉCTRICA
607,12,INGENIERÍA CIVIL EN AUTOMATIZACIÓN
608,12,INGENIERÍA CIVIL EN INFORMÁTICA
609,12,INGENIERÍA CIVIL INDUSTRIAL
610,12,INGENIERÍA CIVIL MECÁNICA
611,12,INGENIERÍA CIVIL QUÍMICA
612,12,INGENIERÍA COMERCIAL
613,12,INGENIERÍA DE EJECUCIÓN EN COMPUTACIÓN E INFORMÁTICA
614,12,INGENIERÍA ELECTRÓNICA
615,12,INGENIERÍA ELÉCTRICA
616,12,INGENIERÍA EN ALIMENTOS
617,12,INGENIERÍA EN CONSTRUCCIÓN
618,12,INGENIERÍA EN RECURSOS NATURALES
619,12,INGENIERÍA ESTADÍSTICA
620,12,INGENIERÍA MECÁNICA
621,12,MEDICINA
622,12,NUTRICIÓN Y DIETÉTICA
623,12,PEDAGOGÍA EN CASTELLANO Y COMUNICACIÓN
624,12,PEDAGOGÍA EN CIENCIAS NATURALES MENCIÓN BIOLOGÍA MENCIÓN FÍSICA MENCIÓN QUÍMICA
625,12,PEDAGOGÍA EN EDUCACIÓN ESPECIAL CON MENCIÓN EN DIFICULTADES ESPECÍFICAS DEL APRENDIZAJE
626,12,PEDAGOGÍA EN EDUCACIÓN FÍSICA
627,12,PEDAGOGÍA EN EDUCACIÓN GENERAL BÁSICA CON MENCIÓN EN LENGUAJE Y COMUNICACIÓN O EDUCACIÓN MATEMÁTICA
628,12,PEDAGOGÍA EN EDUCACIÓN MATEMÁTICA
629,12,PEDAGOGÍA EN EDUCACIÓN PARVULARIA MENCIÓN DIDÁCTICA EN PRIMERA INFANCIA
630,12,PEDAGOGÍA EN HISTORIA Y GEOGRAFÍA
631,12,PEDAGOGÍA EN INGLÉS
632,12,PSICOLOGÍA
633,12,QUÍMICA Y FARMACIA
634,12,TRABAJO SOCIAL
635,13,AGRONOMÍA
636,13,BACHILLERATO EN CIENCIAS SOCIALES
637,13,BIOQUÍMICA
638,13,BIOTECNOLOGÍA
639,13,CONTADOR PUBLICO Y AUDITOR
640,13,DERECHO
641,13,ENFERMERÍA
642,13,FONOAUDIOLOGÍA
643,13,INGENIERÍA CIVIL
644,13,INGENIERÍA CIVIL AMBIENTAL
645,13,INGENIERÍA CIVIL ELECTRÓNICA
646,13,INGENIERÍA CIVIL ELÉCTRICA
647,13,INGENIERÍA CIVIL EN BIOTECNOLOGÍA
648,13,INGENIERÍA CIVIL INDUSTRIAL
649,13,INGENIERÍA CIVIL INFORMÁTICA
650,13,INGENIERÍA CIVIL MATEMÁTICA
651,13,INGENIERÍA CIVIL MECÁNICA
652,13,INGENIERÍA CIVIL QUÍMICA
653,13,INGENIERÍA CIVIL TELEMÁTICA
654,13,INGENIERÍA COMERCIAL
655,13,INGENIERÍA EN CONSTRUCCIÓN
656,13,INGENIERÍA EN RECURSOS NATURALES
657,13,INGENIERÍA INFORMÁTICA
658,13,KINESIOLOGÍA
659,13,MEDICINA
660,13,MEDICINA VETERINARIA
661,13,NUTRICIÓN Y DIETÉTICA
662,13,OBSTETRICIA Y PUERICULTURA
663,13,ODONTOLOGÍA
664,13,PEDAGOGÍA EN CASTELLANO Y COMUNICACIÓN
665,13,"PEDAGOGÍA EN CIENCIAS MENCIÓN BIOLOGÍA, QUÍMICA O FÍSICA"
666,13,PEDAGOGÍA EN EDUCACIÓN DIFERENCIAL
667,13,"PEDAGOGÍA EN EDUCACIÓN FÍSICA, DEPORTES Y RECREACIÓN"
668,13,"PEDAGOGÍA EN HISTORIA, GEOGRAFÍA Y EDUCACIÓN CÍVICA"
669,13,PEDAGOGÍA EN INGLÉS
670,13,PEDAGOGÍA MATEMÁTICA
671,13,PERIODISMO
672,13,PLAN COMÚN INGENIERÍA CIVIL
673,13,PSICOLOGÍA
674,13,QUÍMICA Y FARMACIA
675,13,SOCIOLOGÍA
676,13,TECNOLOGÍA MÉDICA
677,13,TERAPIA OCUPACIONAL
678,13,TRABAJO SOCIAL
679,14,AGRONOMÍA
680,14,ARQUITECTURA
681,14,AUDITORIA
682,14,BIOLOGÍA MARINA
683,14,DERECHO
684,14,ENFERMERÍA
685,14,FONOAUDIOLOGÍA
686,14,"INGENIERÍA CIVIL, PLAN COMÚN"
687,14,INGENIERÍA COMERCIAL
688,14,INGENIERÍA EN CONSTRUCCIÓN
689,14,"INGENIERÍA, PLAN COMÚN"
690,14,KINESIOLOGÍA
691,14,MEDICINA
692,14,NUTRICIÓN Y DIETÉTICA
693,14,"PEDAGOGÍA EN CASTELLANO Y COMUNICACIÓN, PARA ENSEÑANZA MEDIA"
694,14,PEDAGOGÍA EN EDUCACIÓN BÁSICA MENCIÓN LENGUAJE Y MATEMÁTICA
695,14,PEDAGOGÍA EN EDUCACIÓN DIFERENCIAL
696,14,"PEDAGOGÍA EN EDUCACIÓN FÍSICA, PARA ENSEÑANZA BÁSICA Y MEDIA"
697,14,PEDAGOGÍA EN EDUCACIÓN PARVULARIA
698,14,"PEDAGOGÍA EN HISTORIA Y CIENCIAS SOCIALES, PARA ENSEÑANZA MEDIA"
699,14,"PEDAGOGÍA EN INGLÉS, PARA ENSEÑANZA BÁSICA Y MEDIA"
700,14,"PEDAGOGÍA EN MATEMÁTICA, PARA ENSEÑANZA MEDIA"
701,14,"PEDAGOGÍA EN MÚSICA PARA EDUCACIÓN INICIAL, BÁSICA Y MEDIA"
702,14,PSICOLOGÍA
703,14,TERAPIA OCUPACIONAL
704,14,TRABAJO SOCIAL
705,15,ADMINISTRACIÓN PÚBLICA
706,15,AGRONOMÍA
707,15,ARQUITECTURA
708,15,AUDITORIA E INGENIERÍA EN CONTROL DE GESTIÓN
709,15,BIOQUÍMICA
710,15,CONTADOR PÚBLICO Y AUDITOR
711,15,DERECHO
712,15,DISEÑO
713,15,ENFERMERÍA
714,15,FONOAUDIOLOGÍA
715,15,INGENIERIA CIVIL DE MINAS
716,15,INGENIERIA CIVIL EN COMPUTACIÓN
717,15,INGENIERIA COMERCIAL
718,15,INGENIERÍA CIVIL ELÉCTRICA
719,15,INGENIERÍA CIVIL EN BIOINFORMÁTICA
720,15,INGENIERÍA CIVIL EN OBRAS CIVILES
721,15,INGENIERÍA CIVIL EN SISTEMAS INTELIGENTES Y VIDEOJUEGOS
722,15,INGENIERÍA CIVIL INDUSTRIAL
723,15,INGENIERÍA CIVIL INDUSTRIAL TALCA
724,15,INGENIERÍA CIVIL MECATRÓNICA
725,15,INGENIERÍA CIVIL MECÁNICA
726,15,INGENIERÍA CIVIL PLAN COMÚN CURICÓ
727,15,INGENIERÍA CIVIL PLAN COMÚN TALCA
728,15,INGENIERÍA INFORMÁTICA EMPRESARIAL
729,15,KINESIOLOGÍA
730,15,LICENCIATURA EN INTERPRETACIÓN Y FORMACIÓN MUSICAL ESPECIALIZADA
731,15,MEDICINA
732,15,NUTRICIÓN Y DIETÉTICA
733,15,OBSTETRICIA Y PUERICULTURA
734,15,ODONTOLOGÍA
735,15,PEDAGOGÍA EN EDUCACIÓN GENERAL BÁSICA CON MENCIÓN EN ALEMÁN
736,15,PEDAGOGÍA EN EDUCACIÓN GENERAL BÁSICA MENCIÓN INGLÉS
737,15,PEDAGOGÍA EN EDUCACIÓN MEDIA EN ALEMÁN
738,15,PEDAGOGÍA EN EDUCACIÓN MEDIA EN BIOLOGÍA Y QUÍMICA
739,15,PEDAGOGÍA EN EDUCACIÓN MEDIA EN INGLÉS
740,15,PEDAGOGÍA EN EDUCACIÓN MEDIA EN MATEMÁTICA Y FÍSICA
741,15,PEDAGOGÍA EN EDUCACIÓN PARVULARIA CON MENCIÓN EN ALEMÁN
742,15,PEDAGOGÍA EN EDUCACIÓN PARVULARIA MENCIÓN EN INGLÉS
743,15,PSICOLOGÍA
744,15,QUÍMICA Y FARMACIA
745,15,TECNOLOGÍA MEDICA
746,15,TERAPIA OCUPACIONAL
747,16,CONSTRUCCIÓN CIVIL
748,16,DERECHO
749,16,ENFERMERÍA
750,16,GEOLOGÍA
751,16,INGENIERÍA CIVIL EN COMPUTACIÓN E INFORMÁTICA
752,16,INGENIERÍA CIVIL EN METALURGIA
753,16,INGENIERÍA CIVIL EN MINAS
754,16,INGENIERÍA CIVIL INDUSTRIAL
755,16,INGENIERÍA COMERCIAL
756,16,KINESIOLOGÍA
757,16,"LICENCIATURA EN CIENCIAS MENCIONES ASTRONOMÍA Y FÍSICA, MEDIO AMBIENTE Y RECURSOS NATURALES O PALEONTOLOGÍA"
758,16,LICENCIATURA EN EDUCACIÓN Y PEDAGOGÍA EN EDUCACIÓN FÍSICA
759,16,LICENCIATURA EN EDUCACIÓN Y PEDAGOGÍA EN EDUCACIÓN GENERAL BÁSICA
760,16,LICENCIATURA EN EDUCACIÓN Y PEDAGOGÍA EN EDUCACIÓN PARVULARIA
761,16,LICENCIATURA EN EDUCACIÓN Y PEDAGOGÍA EN INGLÉS
762,16,LICENCIATURA EN TRADUCTOLOGÍA Y TRADUCTOR E INTÉRPRETE INGLÉS - ESPAÑOL
763,16,MEDICINA
764,16,NUTRICIÓN Y DIETÉTICA
765,16,OBSTETRICIA Y PUERICULTURA
766,16,PEDAGOGÍA EN EDUCACIÓN DIFERENCIAL
767,16,"PEDAGOGÍA EN HISTORIA, GEOGRAFÍA Y CIENCIAS SOCIALES"
768,16,PEDAGOGÍA EN MATEMÁTICAS
769,16,PSICOLOGÍA
770,16,TRABAJO SOCIAL
771,17,AGRONOMÍA CONDUCENTE A: INGENIERO AGRÓNOMO
772,17,ANTROPOLOGÍA - ANTROPOLOGÍA SOCIAL - ARQUEOLOGÍA
773,17,CONTADOR AUDITOR-CONTADOR PÚBLICO
774,17,DERECHO
775,17,DISEÑO MULTIMEDIA CONDUCENTE AL TÍTULO DE: • DISEÑADOR COMUNICACIONAL MULTIMEDIA O DISEÑADOR EDUCATIVO MULTIMEDIA
776,17,ENFERMERÍA
777,17,INGENIERÍA CIVIL ELECTRÓNICA
778,17,INGENIERÍA CIVIL ELÉCTRICA
779,17,INGENIERÍA CIVIL EN COMPUTACIÓN E INFORMÁTICA CON SALIDA INTERMEDIA A: • INGENIERÍA DE EJECUCIÓN EN COMPUTACIÓN E INFORMÁTICA
780,17,INGENIERÍA CIVIL EN INFORMÁTICA
781,17,INGENIERÍA CIVIL INDUSTRIAL CON SALIDA INTERMEDIA A: • INGENIERÍA DE EJECUCIÓN INDUSTRIAL
782,17,INGENIERÍA CIVIL INDUSTRIAL CON SALIDA INTERMEDIA: • INGENIERÍA DE EJECUCIÓN INDUSTRIAL
783,17,INGENIERÍA CIVIL MECÁNICA
784,17,INGENIERÍA COMERCIAL
785,17,INGENIERÍA COMERCIAL CON MENCIÓN EN GESTIÓN Y COMERCIO EXTERIOR
786,17,INGENIERÍA EN INFORMACIÓN Y CONTROL DE GESTIÓN
787,17,INGENIERÍA MECATRÓNICA
788,17,INGENIERÍA QUÍMICA AMBIENTAL
789,17,KINESIOLOGÍA Y REHABILITACIÓN
790,17,LICENCIATURA EN INGLÉS • TRADUCTOR INGLÉS - CASTELLANO
791,17,MEDICINA
792,17,NUTRICIÓN Y DIETÉTICA
793,17,OBSTETRICIA Y PUERICULTURA
794,17,PEDAGOGÍA EN CASTELLANO Y COMUNICACIÓN
795,17,PEDAGOGÍA EN EDUCACIÓN BÁSICA
796,17,PEDAGOGÍA EN EDUCACIÓN DIFERENCIAL
797,17,PEDAGOGÍA EN FÍSICA Y MATEMÁTICA
798,17,"PEDAGOGÍA EN HISTORIA, GEOGRAFÍA Y CIENCIAS SOCIALES"
799,17,PSICOLOGÍA
800,17,QUÍMICA Y FARMACIA
801,17,QUÍMICO LABORATORISTA
802,17,SOCIOLOGÍA
803,17,TECNOLOGÍA MEDICA EN LABORATORIO CLÍNICO Y MEDICINA TRANSFUSIONAL
804,17,TECNOLOGÍA MÉDICA EN IMAGENOLOGÍA Y FÍSICA MEDICA
805,17,TECNOLOGÍA MÉDICA EN OFTALMOLOGÍA Y OPTOMETRÍA
806,17,TRABAJO SOCIAL
807,18,ADMINISTRACIÓN Y GESTIÓN PÚBLICA
808,18,AGRONOMÍA
809,18,ARQUITECTURA
810,18,BIOLOGÍA MARINA
811,18,CONTADOR PÚBLICO Y AUDITOR
812,18,DERECHO
813,18,EDUCACIÓN PARVULARIA
814,18,ENFERMERÍA
815,18,FONOAUDIOLOGÍA
816,18,INGENIERÍA CIVIL AMBIENTAL
817,18,INGENIERÍA CIVIL DE MINAS
818,18,INGENIERÍA CIVIL ELECTRÓNICA
819,18,INGENIERÍA CIVIL EN COMPUTACIÓN E INFORMÁTICA
820,18,INGENIERÍA CIVIL INDUSTRIAL
821,18,INGENIERÍA CIVIL METALÚRGICA
822,18,INGENIERÍA COMERCIAL
823,18,"INGENIERÍA COMERCIAL, MENCIÓN GESTIÓN ESTRATÉGICA"
824,18,INGENIERÍA EN BIOTECNOLOGÍA
825,18,INGENIERÍA EN INFORMACIÓN Y CONTROL DE GESTIÓN
826,18,KINESIOLOGÍA
827,18,ODONTOLOGÍA
828,18,PEDAGOGÍA EN EDUCACIÓN BÁSICA CON MENCIÓN EN LENGUAJE Y CIENCIAS SOCIALES O MENCIÓN EN MATEMÁTICA Y CIENCIAS NATURALES
829,18,PEDAGOGÍA EN EDUCACIÓN DIFERENCIAL MENCIÓN EN DIFICULTADES DE APRENDIZAJE
830,18,"PEDAGOGÍA EN EDUCACIÓN FÍSICA PARA PRE-ESCOLAR, BÁSICA Y MEDIA"
831,18,"PEDAGOGÍA EN INGLÉS, PARA ENSEÑANZA PRE-ESCOLAR, BÁSICA Y MEDIA"
832,18,PEDAGOGÍA EN LENGUA CASTELLANA Y COMUNICACIÓN
833,18,PEDAGOGÍA EN MATEMÁTICA Y FÍSICA
834,18,PSICOLOGÍA
835,18,QUÍMICA Y FARMACIA
836,18,SOCIOLOGÍA
837,18,TRABAJO SOCIAL
838,18,TRADUCCIÓN INGLÉS CASTELLANO INGLÉS MENCIÓN FRANCÉS
839,19,"DIRECCIÓN DE AGRUPACIONES MUSICALES INSTRUMENTALES, LICENCIATURA EN MÚSICA"
840,19,"KINESIOLOGÍA, LICENCIATURA EN KINESIOLOGÍA"
841,19,"PEDAGOGÍA EN ALEMÁN, LICENCIATURA EN EDUCACIÓN CON MENCIÓN EN ALEMÁN"
842,19,"PEDAGOGÍA EN ARTES VISUALES, LICENCIATURA EN EDUCACIÓN"
843,19,"PEDAGOGÍA EN BIOLOGÍA CON MENCIÓN CIENCIAS NATURALES, O INFORMÁTICA EDUCATIVA, O ESTADÍSTICA EDUCACIONAL, O EDUCACIÓN EN TECNOLOGÍA, O EDUCACIÓN EN ASTRONOMÍA, LICENCIATURA EN EDUCACIÓN EN BIOLOGÍA"
844,19,"PEDAGOGÍA EN CASTELLANO, LICENCIATURA EN EDUCACIÓN CON MENCIÓN EN CASTELLANO"
845,19,"PEDAGOGÍA EN EDUCACIÓN BÁSICA CON MENCIÓN LENGUA Y LITERATURA O MATEMÁTICA O CIENCIAS SOCIALES O CIENCIAS NATURALES, LICENCIATURA EN EDUCACIÓN"
846,19,"PEDAGOGÍA EN EDUCACIÓN ESPECIAL CON ESPECIALIDAD EN COMUNICACIÓN Y LENGUAJE, O EDUCACIÓN DE LAS PERSONAS SORDAS, O EN APRENDIZAJE, LICENCIATURA EN EDUCACIÓN"
847,19,"PEDAGOGÍA EN EDUCACIÓN ESPECIAL CON ESPECIALIDAD EN DISCAPACIDAD MENTAL Y DESARROLLO COGNITIVO, LICENCIATURA EN EDUCACIÓN"
848,19,"PEDAGOGÍA EN EDUCACIÓN ESPECIAL CON ESPECIALIDAD EN PERSONAS CIEGAS Y RETOS MÚLTIPLES, LICENCIATURA EN EDUCACIÓN"
849,19,"PEDAGOGÍA EN EDUCACIÓN FÍSICA, DEPORTES Y RECREACIÓN, LICENCIATURA EN EDUCACIÓN"
850,19,"PEDAGOGÍA EN EDUCACIÓN PARVULARIA CON MENCIÓN EN INTEGRACIÓN CURRICULAR, LICENCIATURA EN EDUCACIÓN"
851,19,"PEDAGOGÍA EN FILOSOFÍA, LICENCIATURA EN EDUCACIÓN"
852,19,"PEDAGOGÍA EN FRANCÉS, LICENCIATURA EN EDUCACIÓN CON MENCIÓN EN FRANCÉS"
853,19,"PEDAGOGÍA EN FÍSICA CON MENCIÓN CIENCIAS NATURALES, O INFORMÁTICA EDUCATIVA, O ESTADÍSTICA EDUCACIONAL, O EDUCACIÓN EN TECNOLOGÍA, O EDUCACIÓN EN ASTRONOMÍA, LICENCIATURA EN EDUCACIÓN EN FÍSICA"
854,19,"PEDAGOGÍA EN HISTORIA Y GEOGRAFÍA, LICENCIATURA EN EDUCACIÓN CON MENCIÓN EN HISTORIA O GEOGRAFÍA"
855,19,"PEDAGOGÍA EN INGLÉS, LICENCIATURA EN EDUCACIÓN CON MENCIÓN EN INGLÉS"
856,19,"PEDAGOGÍA EN MATEMÁTICA CON MENCIÓN ESTADÍSTICA EDUCACIONAL O INFORMÁTICA EDUCATIVA, LICENCIATURA EN EDUCACIÓN MATEMÁTICA"
857,19,"PEDAGOGÍA EN MÚSICA, LICENCIATURA EN EDUCACIÓN"
858,19,"PEDAGOGÍA EN QUÍMICA CON MENCIÓN CIENCIAS NATURALES, O INFORMÁTICA EDUCATIVA, O ESTADÍSTICA EDUCACIONAL, O EDUCACIÓN EN TECNOLOGÍA, O EDUCACIÓN EN ASTRONOMÍA, LICENCIATURA EN EDUCACIÓN EN QUÍMICA"
859,19,"PSICOLOGÍA, LICENCIATURA EN PSICOLOGÍA"
860,19,"TERAPIA OCUPACIONAL, LICENCIATURA EN CIENCIAS DE LA OCUPACIÓN HUMANA"
861,20,ADMINISTRACIÓN TURÍSTICA MULTILINGÜE C/MENCIÓN INGLÉS-FRANCÉS O INGLÉS-ALEMÁN. LICENCIADO EN TURISMO
862,20,"BIBLIOTECOLOGÍA, LICENCIATURA EN CIENCIAS DE LA DOCUMENTACIÓN"
863,20,"DERECHO, LICENCIATURA EN CIENCIAS JURÍDICAS Y SOCIALES, BACHILLERATO EN CIENCIAS SOCIALES"
864,20,DIBUJANTE PROYECTISTA
865,20,DISEÑO
866,20,"EDUCACIÓN PARVULARIA, LICENCIATURA EN EDUCACIÓN"
867,20,"ENFERMERÍA, LICENCIATURA EN ENFERMERÍA"
868,20,FONOAUDIOLOGÍA. LICENCIATURA EN FONOAUDIOLOGÍA
869,20,"GEOGRAFÍA, LICENCIATURA EN GEOGRAFÍA C/MENCIÓN EN GESTIÓN Y ORDENAMIENTO TERRITORIAL"
870,20,"INGENIERIA CIVIL INFORMÁTICA, LICENCIATURA EN CIENCIAS DE LA INGENIERÍA, BACHILLERATO EN INGENIERÍA"
871,20,"INGENIERIA EN INFORMÁTICA CON MENCIÓN EN GESTIÓN DE LA INFORMACIÓN, LICENCIATURA EN CIENCIAS DE LA INGENIERIA"
872,20,"INGENIERÍA CIVIL AMBIENTAL, LICENCIATURA EN CIENCIAS DE LA INGENIERÍA"
873,20,"INGENIERÍA CIVIL INDUSTRIAL, LICENCIATURA EN CIENCIAS DE LA INGENIERÍA"
874,20,"INGENIERÍA COMERCIAL, LICENCIATURA EN CIENCIAS DE LA ADMINISTRACIÓN, BACHILLERATO EN ADMINISTRACIÓN"
875,20,"KINESIOLOGÍA, LICENCIATURA EN KINESIOLOGÍA"
876,20,LICENCIATURA EN ARTE
877,20,"NUTRICIÓN Y DIETÉTICA, LICENCIATURA EN NUTRICIÓN"
878,20,PEDAGOGÍA EN ARTES VISUALES CON MENCIÓN EN PATRIMONIO LICENCIATURA EN EDUCACIÓN
879,20,"PEDAGOGÍA EN BIOLOGÍA Y CIENCIAS, LICENCIATURA EN EDUCACIÓN"
880,20,"PEDAGOGÍA EN CASTELLANO, LICENCIATURA EN EDUCACIÓN"
881,20,"PEDAGOGÍA EN EDUCACIÓN BÁSICA, CON MENCIÓN. LICENCIATURA EN EDUCACIÓN"
882,20,"PEDAGOGÍA EN EDUCACIÓN DIFERENCIAL CON MENCIÓN, LICENCIATURA EN EDUCACIÓN"
883,20,"PEDAGOGÍA EN EDUCACIÓN FÍSICA, LICENCIATURA EN EDUCACIÓN"
884,20,"PEDAGOGÍA EN EDUCACIÓN MUSICAL, LICENCIATURA EN EDUCACIÓN"
885,20,"PEDAGOGÍA EN FILOSOFÍA, LICENCIATURA EN EDUCACIÓN"
886,20,PEDAGOGÍA EN FÍSICA CON MENCIÓN EN EDUCACIÓN ASTRONÓMICA. LICENCIATURA EN EDUCACIÓN
887,20,"PEDAGOGÍA EN HISTORIA Y GEOGRAFÍA, LICENCIATURA EN EDUCACIÓN"
888,20,"PEDAGOGÍA EN INGLÉS, LICENCIATURA EN EDUCACIÓN"
889,20,"PEDAGOGÍA EN MATEMÁTICA,LICENCIATURA EN EDUCACIÓN"
890,20,"PEDAGOGÍA EN QUÍMICA Y CIENCIAS, LICENCIATURA EN EDUCACIÓN"
891,20,"PERIODISMO, LICENCIATURA EN COMUNICACIÓN SOCIAL"
892,20,PSICOLOGÍA. LICENCIATURA EN PSICOLOGÍA
893,20,"SOCIOLOGÍA, LICENCIATURA EN SOCIOLOGÍA"
894,20,"TEATRO, LICENCIATURA EN ARTE ESCÉNICO"
895,20,"TECNOLOGÍA EN DEPORTES Y RECREACIÓN, LICENCIATURA EN CIENCIAS DE LA ACTIVIDAD FÍSICA"
896,20,"TERAPIA OCUPACIONAL, LICENCIATURA EN CIENCIAS DE LA OCUPACIÓN HUMANA"
897,20,TRADUCCIÓN E INTERPRETACIÓN INGLÉS-ESPAÑOL
898,21,ADMINISTRACIÓN PÚBLICA
899,21,ARQUITECTURA
900,21,BACHILLERATO EN CIENCIAS DE LA INGENIERÍA
901,21,BIBLIOTECOLOGÍA Y DOCUMENTACIÓN
902,21,CONTADOR PUBLICO Y AUDITOR
903,21,DERECHO
904,21,DIBUJANTE PROYECTISTA
905,21,DISEÑO EN COMUNICACIÓN VISUAL
906,21,DISEÑO INDUSTRIAL
907,21,INGENIERÍA CIVIL BIOMÉDICA
908,21,INGENIERÍA CIVIL ELECTRÓNICA
909,21,INGENIERÍA CIVIL EN CIENCIA DE DATOS
910,21,INGENIERÍA CIVIL EN COMPUTACIÓN MENCIÓN INFORMÁTICA
911,21,INGENIERÍA CIVIL EN MECÁNICA
912,21,INGENIERÍA CIVIL EN OBRAS CIVILES
913,21,INGENIERÍA CIVIL EN PREVENCIÓN DE RIESGOS Y MEDIO AMBIENTE
914,21,INGENIERÍA CIVIL INDUSTRIAL
915,21,INGENIERÍA CIVIL MATEMÁTICA
916,21,INGENIERÍA CIVIL QUÍMICA
917,21,INGENIERÍA COMERCIAL
918,21,INGENIERÍA EN ALIMENTOS
919,21,INGENIERÍA EN BIOTECNOLOGÍA
920,21,INGENIERÍA EN COMERCIO INTERNACIONAL
921,21,INGENIERÍA EN CONSTRUCCIÓN
922,21,INGENIERÍA EN GEOMENSURA
923,21,INGENIERÍA EN GESTIÓN TURÍSTICA
924,21,INGENIERÍA EN INFORMÁTICA
925,21,INGENIERÍA INDUSTRIAL
926,21,PSICOLOGÍA
927,21,QUÍMICA INDUSTRIAL
928,21,QUÍMICA Y FARMACIA
929,21,TRABAJO SOCIAL
930,22,ADMINISTRACIÓN PÚBLICA
931,22,AGRONOMÍA
932,22,ANTROPOLOGÍA
933,22,ARQUITECTURA
934,22,BIOLOGÍA MARINA
935,22,CONTADOR PUBLICO Y AUDITOR
936,22,DERECHO
937,22,EDUCACIÓN DIFERENCIAL CON ESPECIALIZACIÓN EN PROBLEMAS DE APRENDIZAJE
938,22,EDUCACIÓN PARVULARIA
939,22,ENFERMERÍA
940,22,FONOAUDIOLOGÍA
941,22,INGENIERÍA AMBIENTAL
942,22,INGENIERÍA CIVIL ELÉCTRICA
943,22,INGENIERÍA CIVIL EN INFORMÁTICA
944,22,INGENIERÍA CIVIL EN OBRAS CIVILES
945,22,INGENIERÍA CIVIL INDUSTRIAL
946,22,INGENIERÍA COMERCIAL
947,22,INGENIERÍA EN ACUICULTURA SOSTENIBLE
948,22,INGENIERÍA EN ALIMENTOS
949,22,KINESIOLOGÍA
950,22,MEDICINA
951,22,MEDICINA VETERINARIA
952,22,NUTRICIÓN Y DIETÉTICA
953,22,OBSTETRICIA Y PUERICULTURA
954,22,PEDAGOGÍA EN ARTES VISUALES
955,22,PEDAGOGÍA EN EDUCACIÓN BÁSICA MENCIÓN LENGUAJE Y MATEMÁTICA
956,22,PEDAGOGÍA EN EDUCACIÓN GENERAL BÁSICA
957,22,PEDAGOGÍA EN EDUCACIÓN MEDIA EN EDUCACIÓN FÍSICA
958,22,PEDAGOGÍA EN EDUCACIÓN MEDIA EN HISTORIA Y GEOGRAFÍA
959,22,PEDAGOGÍA EN EDUCACIÓN MEDIA EN INGLÉS
960,22,PEDAGOGÍA EN EDUCACIÓN MEDIA EN LENGUA CASTELLANA Y COMUNICACIONES
961,22,PEDAGOGÍA EN EDUCACIÓN MEDIA EN MATEMÁTICA Y COMPUTACIÓN
962,22,PEDAGOGÍA EN MÚSICA
963,22,PSICOLOGÍA
964,22,QUÍMICA Y FARMACIA
965,22,TECNOLOGÍA MÉDICA
966,22,TERAPIA OCUPACIONAL
967,22,TRABAJO SOCIAL
968,23,ADMINISTRACIÓN PÚBLICA
969,23,AGRONOMÍA
970,23,ARQUITECTURA
971,23,BACHILLERATO EN CIENCIAS BIOMÉDICAS
972,23,BIOINGENIERÍA MÉDICA
973,23,CONSTRUCCIÓN CIVIL
974,23,CONTADOR PÚBLICO Y AUDITOR
975,23,DERECHO
976,23,ENFERMERÍA
977,23,GEOLOGÍA
978,23,INGENIERÍA CIVIL
979,23,INGENIERÍA CIVIL ELECTRÓNICA
980,23,INGENIERÍA CIVIL INDUSTRIAL
981,23,INGENIERÍA CIVIL INFORMÁTICA
982,23,INGENIERÍA COMERCIAL
983,23,INGENIERÍA DE EJECUCIÓN EN ADMINISTRACIÓN DE EMPRESAS
984,23,INGENIERÍA DE EJECUCIÓN EN COMPUTACIÓN E INFORMÁTICA
985,23,INGENIERÍA DE EJECUCIÓN INDUSTRIAL
986,23,INGENIERÍA EJECUCIÓN EN GEOMENSURA
987,23,INGENIERÍA EN AUTOMATIZACIÓN Y CONTROL
988,23,INGENIERÍA EN BIOTECNOLOGÍA
989,23,INGENIERÍA EN CONSTRUCCIÓN
990,23,INGENIERÍA EN ESTADÍSTICA
991,23,INGENIERÍA EN RECURSOS NATURALES
992,23,INGENIERÍA MATEMÁTICA
993,23,KINESIOLOGÍA
994,23,MEDICINA
995,23,MEDICINA VETERINARIA
996,23,NUTRICIÓN Y DIETÉTICA
997,23,OBSTETRICIA Y PUERICULTURA
998,23,PED. EDUCACIÓN GENERAL BÁSICA: M/ LENGUAJE; MATEM. CS.NAT. Y CS.SOC.
999,23,PED. EDUCACIÓN GENERAL BÁSICA:M/LENGUAJE; MATEM. CS.NAT. Y CS.SOC.
1000,23,"PEDAGOGÍA EN CIENCIAS. M/ BIOLOGÍA, QUÍMICA O FÍSICA"
1001,23,PEDAGOGÍA EN EDUCACIÓN ESPECIAL CON MENCIÓN
1002,23,PEDAGOGÍA EN EDUCACIÓN FÍSICA
1003,23,PEDAGOGÍA EN EDUCACIÓN PARVULARIA CON MENCIÓN
1004,23,"PEDAGOGÍA EN HISTORIA, GEOGRAFÍA Y CIENCIAS SOCIALES"
1005,23,PEDAGOGÍA EN INGLÉS
1006,23,PEDAGOGÍA EN LENGUA CASTELLANA Y COMUNICACIÓN
1007,23,PEDAGOGÍA EN MATEMÁTICA Y COMPUTACIÓN
1008,23,PEDAGOGÍA EN RELIGIÓN Y FILOSOFÍA
1009,23,PSICOLOGÍA
1010,23,QUÍMICA Y FARMACIA
1011,23,SOCIOLOGÍA
1012,23,TECNOLOGÍA MÉDICA CON MENCIÓN EN: IMAGENOLOGÍA U OFTALMOLOGÍA
1013,23,TERAPIA OCUPACIONAL
1014,23,TRABAJO SOCIAL
1015,24,ARQUITECTURA
1016,24,BACHILLERATO EN CIENCIAS Y HUMANIDADES
1017,24,BIOLOGÍA MARINA
1018,24,CONTADOR AUDITOR
1019,24,DERECHO
1020,24,DIRECCIÓN AUDIOVISUAL Y MULTIMEDIA
1021,24,EDUCACIÓN DE PÁRVULOS
1022,24,ENFERMERÍA
1023,24,INGENIERÍA CIVIL
1024,24,INGENIERÍA CIVIL ELÉCTRICA
1025,24,INGENIERÍA CIVIL GEOLÓGICA
1026,24,INGENIERÍA CIVIL INDUSTRIAL
1027,24,INGENIERÍA CIVIL INFORMÁTICA
1028,24,INGENIERÍA COMERCIAL
1029,24,INGENIERÍA EN INFORMACIÓN Y CONTROL DE GESTIÓN
1030,24,KINESIOLOGÍA
1031,24,LICENCIATURA EN CIENCIAS RELIGIOSAS Y ESTUDIOS TEOLÓGICOS
1032,24,LICENCIATURA EN FILOSOFÍA
1033,24,LICENCIATURA EN HISTORIA
1034,24,MEDICINA
1035,24,NUTRICIÓN Y DIETÉTICA
1036,24,ODONTOLOGÍA
1037,24,PEDAGOGÍA EN EDUCACIÓN BÁSICA
1038,24,PEDAGOGÍA EN EDUCACIÓN DIFERENCIAL
1039,24,PEDAGOGÍA EN EDUCACIÓN FÍSICA
1040,24,PEDAGOGÍA EN EDUCACIÓN MEDIA EN BIOLOGÍA Y CIENCIAS NATURALES
1041,24,PEDAGOGÍA EN EDUCACIÓN MEDIA EN INGLÉS
1042,24,PEDAGOGÍA EN EDUCACIÓN MEDIA EN LENGUAJE Y COMUNICACIÓN
1043,24,PEDAGOGÍA EN EDUCACIÓN MEDIA EN MATEMÁTICA
1044,24,PERIODISMO
1045,24,PSICOLOGÍA
1046,24,QUÍMICA AMBIENTAL
1047,24,QUÍMICA Y FARMACIA
1048,24,TECNOLOGÍA MÉDICA
1049,24,TRABAJO SOCIAL
1050,25,ADMINISTRACIÓN PÚBLICA
1051,25,AGRONOMÍA
1052,25,ANTROPOLOGÍA
1053,25,ARQUEOLOGÍA
1054,25,ARQUITECTURA
1055,25,BACHILLER EN CIENCIAS Y HUMANIDADES
1056,25,CIENCIA POLÍTICA
1057,25,CONTADOR AUDITOR
1058,25,DERECHO
1059,25,DISEÑO
1060,25,EDUCACIÓN DE PARVULOS
1061,25,FONOAUDIOLOGÍA
1062,25,GEOLOGÍA
1063,25,INGENIERÍA CIVIL AMBIENTAL
1064,25,INGENIERÍA CIVIL EN INFORMÁTICA
1065,25,INGENIERÍA CIVIL EN OBRAS CIVILES
1066,25,INGENIERÍA CIVIL GEOLÓGICA
1067,25,INGENIERÍA CIVIL INDUSTRIAL
1068,25,INGENIERÍA CIVIL PLAN COMÚN
1069,25,INGENIERÍA COMERCIAL
1070,25,INGENIERÍA ELÉCTRICA
1071,25,INGENIERÍA EN CONSTRUCCIÓN
1072,25,INGENIERÍA EN RECURSOS NATURALES RENOVABLES
1073,25,KINESIOLOGÍA
1074,25,LICENCIATURA EN ARTES VISUALES
1075,25,LICENCIATURA EN FILOSOFÍA
1076,25,MEDICINA
1077,25,MEDICINA VETERINARIA
1078,25,NUTRICIÓN Y DIETÉTICA
1079,25,OFICIOS CREATIVOS
1080,25,PEDAGOGÍA EN EDUCACIÓN BÁSICA CON MENCIÓN
1081,25,PEDAGOGÍA EN EDUCACIÓN DIFERENCIAL CON ESP. EN N.E.E.T. Y DISCAPACIDAD INTELECTUAL
1082,25,PEDAGOGÍA EN EDUCACIÓN FÍSICA
1083,25,"PEDAGOGÍA EN HISTORIA, GEOGRAFÍA Y CIENCIAS SOCIALES"
1084,25,PEDAGOGÍA EN INGLÉS
1085,25,PEDAGOGÍA EN LENGUA CASTELLANA Y COMUNICACIÓN
1086,25,PEDAGOGÍA EN LENGUA Y CULTURA MAPUCHE
1087,25,PEDAGOGÍA MEDIA EN MATEMÁTICA
1088,25,PSICOLOGÍA
1089,25,QUÍMICA Y FARMACIA
1090,25,SOCIOLOGÍA
1091,25,TECNOLOGÍA MEDICA
1092,25,TERAPIA OCUPACIONAL
1093,25,TRABAJO SOCIAL
1094,25,TRADUCCIÓN INGLÉS-ESPAÑOL
1095,26,"ADMINISTRACIÓN PÚBLICA, LICENCIATURA EN GOBIERNO Y ADMINISTRACIÓN PÚBLICA"
1096,26,"CONTABILIDAD Y AUDITORÍA, LICENCIATURA EN CONTABILIDAD Y AUDITORÍA"
1097,26,"DERECHO, LICENCIATURA EN CIENCIAS JURÍDICAS Y SOCIALES"
1098,26,"ENFERMERÍA, LICENCIATURA EN ENFERMERÍA"
1099,26,"INGENIERÍA AGRONÓMICA, LICENCIATURA EN CIENCIAS AGROPECUARIAS"
1100,26,"INGENIERÍA AMBIENTAL, LICENCIATURA EN CIENCIAS AMBIENTALES"
1101,26,"INGENIERÍA CIVIL, CONDUCENTE A:- INGENIERÍA CIVIL ELÉCTRICA- INGENIERÍA CIVIL EN COMPUTACIÓN- INGENIERÍA CIVIL EN MODELAMIENTO MATEMÁTICO DE DATOS- INGENIERÍA CIVIL GEOLÓGICA- INGENIERÍA CIVIL INDUSTRIAL- INGENIERÍA CIVIL MECÁNICA"
1102,26,"INGENIERÍA COMERCIAL, LICENCIATURA EN CIENCIAS DE LA ADMINISTRACIÓN DE EMPRESAS O LICENCIATURA EN CIENCIAS ECONÓMICAS"
1103,26,"KINESIOLOGÍA, LICENCIATURA EN KINESIOLOGÍA"
1104,26,"MEDICINA VETERINARIA, LICENCIATURA EN CIENCIAS VETERINARIAS"
1105,26,"MEDICINA, LICENCIATURA EN MEDICINA"
1106,26,"NUTRICIÓN Y DIETÉTICA, LICENCIATURA EN NUTRICIÓN Y DIETÉTICA"
1107,26,"PEDAGOGÍA EN CIENCIAS NATURALES CON MENCIÓN EN BIOLOGÍA Y FÍSICA O MENCIÓN EN BIOLOGÍA Y QUÍMICA O MENCIÓN EN FÍSICA Y QUÍMICA, LICENCIATURA EN EDUCACIÓN"
1108,26,"PEDAGOGÍA EN EDUCACIÓN BÁSICA CON MENCIÓN EN LENGUAJE Y COMUNICACIÓN Y MATEMÁTICA, LICENCIATURA EN EDUCACIÓN"
1109,26,"PEDAGOGÍA EN EDUCACIÓN ESPECIAL CON MENCIÓN EN DISCAPACIDAD COGNITIVA O MENCIÓN EN DIFICULTADES DEL APRENDIZAJE, LICENCIATURA EN EDUCACIÓN"
1110,26,"PEDAGOGÍA EN EDUCACIÓN PARVULARIA, LICENCIATURA EN EDUCACIÓN"
1111,26,"PEDAGOGÍA EN INGLÉS PARA ENSEÑANZA BÁSICA Y MEDIA, LICENCIATURA EN EDUCACIÓN"
1112,26,"PEDAGOGÍA EN LENGUAJE Y COMUNICACIÓN, LICENCIATURA EN EDUCACIÓN"
1113,26,"PEDAGOGÍA EN MATEMÁTICA, LICENCIATURA EN EDUCACIÓN"
1114,26,"PSICOLOGÍA, LICENCIATURA EN PSICOLOGÍA"
1115,26,"TECNOLOGÍA MÉDICA, LICENCIATURA EN TECNOLOGÍA MÉDICA"
1116,26,"TERAPIA OCUPACIONAL, LICENCIATURA EN OCUPACIÓN"
1117,27,ADMINISTRACIÓN PÚBLICA
1118,27,AGRONOMÍA
1119,27,DERECHO
1120,27,ENFERMERÍA
1121,27,INGENIERIA CIVIL EN ENERGÍAS RENOVABLES
1122,27,INGENIERIA FORESTAL
1123,27,INGENIERÍA CIVIL INDUSTRIAL
1124,27,INGENIERÍA CIVIL INFORMÁTICA
1125,27,INGENIERÍA COMERCIAL
1126,27,OBSTETRICIA
1127,27,PSICOLOGIA
1128,27,TERAPIA OCUPACIONAL
1129,27,TRABAJO SOCIAL
1130,28,ADMINISTRACIÓN PÚBLICA
1131,28,ANTROPOLOGÍA
1132,28,ARQUITECTURA
1133,28,ARTES VISUALES
1134,28,BACHILLERATO EN ADMINISTRACIÓN Y ECONOMÍA
1135,28,BACHILLERATO EN CIENCIAS SOCIALES Y HUMANIDADES
1136,28,CIENCIA POLÍTICA
1137,28,CINE DE ANIMACIÓN
1138,28,CINE Y REALIZACIÓN AUDIOVISUAL
1139,28,CONTADOR AUDITOR-CONTADOR PÚBLICO
1140,28,DERECHO
1141,28,DISEÑO
1142,28,ENFERMERÍA
1143,28,INGENIERÍA CIVIL EN CIENCIA DE DATOS E INTELIGENCIA ARTIFICIAL
1144,28,INGENIERÍA CIVIL EN INFORMÁTICA Y TELECOMUNICACIONES
1145,28,INGENIERÍA CIVIL EN OBRAS CIVILES
1146,28,INGENIERÍA CIVIL INDUSTRIAL
1147,28,INGENIERÍA CIVIL PLAN COMÚN
1148,28,INGENIERÍA COMERCIAL
1149,28,INGENIERÍA EN CONTROL DE GESTIÓN
1150,28,KINESIOLOGÍA
1151,28,LICENCIATURA EN HISTORIA
1152,28,LITERATURA CREATIVA
1153,28,MEDICINA
1154,28,OBSTETRICIA Y NEONATOLOGÍA
1155,28,ODONTOLOGÍA
1156,28,PEDAGOGÍA EN EDUCACIÓN DIFERENCIAL CON MENCIÓN EN DESARROLLO COGNITIVO
1157,28,PEDAGOGÍA EN EDUCACIÓN GENERAL BÁSICA
1158,28,PEDAGOGÍA EN EDUCACIÓN PARVULARIA
1159,28,PEDAGOGÍA EN INGLÉS
1160,28,PERIODISMO
1161,28,PSICOLOGÍA
1162,28,PUBLICIDAD
1163,28,SOCIOLOGÍA
1164,28,TECNOLOGÍA MÉDICA
1165,29,ADMINISTRACIÓN PÚBLICA
1166,29,ANTROPOLOGÍA
1167,29,ARQUEOLOGÍA
1168,29,BACHILLERATO EN HUMANIDADES
1169,29,CIENCIA POLÍTICA Y RELACIONES INTERNACIONALES
1170,29,CONTADOR PÚBLICO AUDITOR
1171,29,DERECHO
1172,29,EDUCACIÓN PARVULARIA
1173,29,GEOGRAFÍA
1174,29,"GESTIÓN DE INFORMACIÓN, BIBLIOTECOLOGÍA Y ARCHIVÍSTICA"
1175,29,INGENIERÍA CIVIL PLAN COMÚN
1176,29,INGENIERÍA COMERCIAL
1177,29,LICENCIATURA EN FILOSOFÍA
1178,29,LICENCIATURA EN HISTORIA
1179,29,LICENCIATURA EN LENGUA Y LITERATURA
1180,29,LICENCIATURA EN TEORÍA E HISTORIA DEL ARTE
1181,29,PEDAGOGÍA EN ARTES VISUALES
1182,29,PEDAGOGÍA EN BIOLOGÍA Y CIENCIAS NATURALES EN EDUCACIÓN MEDIA
1183,29,PEDAGOGÍA EN EDUCACIÓN BÁSICA
1184,29,PEDAGOGÍA EN EDUCACIÓN DIFERENCIAL CON MENCIÓN EN DIFICULTADES DEL APRENDIZAJE ESCOLAR
1185,29,PEDAGOGÍA EN FILOSOFÍA
1186,29,PEDAGOGÍA EN HISTORIA Y CIENCIAS SOCIALES
1187,29,PEDAGOGÍA EN INGLÉS
1188,29,PEDAGOGÍA EN LENGUA CASTELLANA Y COMUNICACIÓN
1189,29,PEDAGOGÍA EN MATEMÁTICA
1190,29,PEDAGOGÍA EN MÚSICA
1191,29,PERIODISMO
1192,29,PSICOLOGÍA
1193,29,SOCIOLOGÍA
1194,29,TRABAJO SOCIAL
1195,30,ADMINISTRACIÓN DE SERVICIOS
1196,30,BACHILLERATO DE DERECHO
1197,30,BACHILLERATO DE ENFERMERÍA
1198,30,BACHILLERATO DE INGENIERÍA
1199,30,BACHILLERATO DE INGENIERÍA COMERCIAL
1200,30,BACHILLERATO DE MEDICINA
1201,30,BACHILLERATO DE OBSTETRICIA Y PUERICULTURA
1202,30,BACHILLERATO DE ODONTOLOGÍA
1203,30,BACHILLERATO DE PSICOLOGÍA
1204,30,DERECHO
1205,30,DERECHO E HISTORIA
1206,30,DERECHO Y FILOSOFÍA
1207,30,EDUCACIÓN DE PÁRVULOS CON MENCIONES
1208,30,ENFERMERÍA
1209,30,FILOSOFÍA
1210,30,HISTORIA
1211,30,INGENIERÍA CIVIL
1212,30,INGENIERÍA COMERCIAL
1213,30,INTERNATIONAL BUSINESS
1214,30,KINESIOLOGÍA
1215,30,LITERATURA
1216,30,MARKETING Y PUBLICIDAD
1217,30,MEDICINA
1218,30,NUTRICIÓN Y DIETÉTICA
1219,30,OBSTETRICIA Y PUERICULTURA
1220,30,ODONTOLOGÍA
1221,30,PEDAGOGÍA BÁSICA BILINGÜE INGLÉS/ESPAÑOL
1222,30,PEDAGOGÍA BÁSICA CON MENCIONES
1223,30,PERIODISMO Y COMUNICACIÓN ESTRATÉGICA
1224,30,PSICOLOGÍA
1225,30,TERAPIA OCUPACIONAL
