major_id,career_type_id
1,11
2,5
3,7
4,10
5,11
6,7
7,3
8,3
9,3
9,7
10,11
11,5
12,11
13,6
14,10
15,10
15,11
16,4
17,7
18,8
19,4
20,7
21,8
22,2
23,2
23,5
24,2
25,2
26,2
26,5
27,2
27,13
28,2
28,12
29,2
30,2
30,12
31,2
32,4
33,3
34,3
35,3
36,3
37,11
38,8
39,8
40,4
41,4
41,12
42,4
43,4
44,4
45,9
46,9
47,3
47,9
48,3
48,9
49,3
49,9
50,9
51,14
52,7
53,3
54,3
55,3
55,4
56,7
57,4
58,11
59,8
59,11
60,4
61,7
62,11
63,5
64,2
64,12
65,7
66,10
67,7
68,3
69,3
70,3
70,12
71,3
72,3
72,7
73,11
74,3
75,7
76,2
77,6
78,10
79,4
80,3
81,3
82,8
83,4
84,3
85,7
86,8
87,2
88,2
88,5
89,2
89,12
90,2
91,2
91,5
92,2
92,12
93,4
94,8
95,8
96,1
96,2
97,1
97,2
98,11
99,11
100,1
100,2
101,1
101,2
102,3
103,4
104,4
104,12
105,4
106,4
107,9
108,3
108,4
108,9
109,9
110,3
110,9
111,3
111,9
112,3
112,9
113,3
113,9
114,9
115,9
116,14
117,7
118,3
118,9
119,3
120,3
120,4
121,7
122,8
123,4
124,7
125,3
125,5
125,7
126,12
127,7
128,10
129,11
130,3
131,5
132,5
133,7
134,7
135,2
136,3
137,3
137,12
138,3
139,3
140,6
141,9
142,9
143,9
144,4
145,4
146,3
147,7
148,13
149,2
150,2
151,2
152,2
152,12
153,2
154,2
154,13
155,2
156,2
157,1
157,2
157,14
158,2
159,1
159,2
160,2
160,3
161,2
162,2
163,2
163,3
164,2
165,2
165,5
166,2
167,2
168,2
168,12
169,2
169,3
170,2
170,12
171,2
172,4
173,8
174,3
175,3
176,4
177,4
177,12
178,4
179,4
180,4
181,9
181,11
182,3
182,9
183,3
183,9
184,3
184,9
185,3
185,9
186,3
186,9
187,9
187,11
188,9
189,8
189,9
190,7
190,8
190,9
191,9
192,3
192,9
193,14
194,7
195,3
195,4
196,7
197,7
198,11
199,7
200,7
201,8
202,5
203,12
204,11
205,10
206,7
207,2
208,3
209,5
210,6
211,7
212,10
213,9
214,11
215,7
216,11
217,2
218,2
218,3
219,2
219,13
220,2
221,2
222,1
222,2
223,2
224,1
224,2
224,14
225,2
226,2
227,1
227,2
228,2
229,2
230,2
230,3
231,2
231,5
232,2
233,2
234,2
235,1
235,2
236,2
237,8
238,4
239,7
240,3
241,11
242,8
243,3
244,8
245,8
246,3
247,3
247,12
248,3
248,9
249,9
249,14
250,9
251,9
252,3
252,9
253,8
253,9
254,3
254,9
255,7
255,8
255,9
256,9
257,3
257,9
258,9
258,11
259,3
259,9
260,14
261,11
262,7
263,14
264,3
265,3
265,4
266,7
267,7
268,10
269,2
270,2
271,2
272,2
272,13
273,2
274,2
275,2
276,2
276,3
277,2
278,1
278,2
279,2
279,3
280,2
281,2
282,2
283,2
283,3
284,2
285,2
285,5
286,2
287,2
288,2
288,10
289,2
289,10
290,1
290,2
291,2
292,2
293,3
294,3
295,5
296,1
297,5
298,10
299,1
299,3
300,7
301,3
302,5
303,6
304,10
304,14
305,10
306,4
307,5
308,2
309,2
310,2
311,2
312,2
313,1
313,2
314,2
315,2
315,13
316,2
316,13
317,2
318,2
318,3
319,2
320,2
321,2
322,2
323,2
323,5
324,2
325,2
326,1
326,2
327,2
328,2
329,2
329,13
330,2
330,13
331,2
331,3
332,2
333,2
333,5
334,2
334,3
335,2
335,3
336,2
336,3
337,4
338,3
339,3
339,4
340,7
341,8
342,8
343,4
344,4
345,9
346,3
346,9
347,9
348,8
348,9
349,3
349,9
350,8
350,9
351,9
352,1
352,3
352,9
353,3
353,9
354,14
355,7
356,14
357,3
358,3
358,4
359,7
360,7
361,7
362,7
363,1
363,14
364,4
365,7
366,5
366,15
367,5
368,12
369,7
370,7
371,10
372,11
373,5
374,3
374,12
375,3
376,3
377,14
378,6
379,10
380,4
381,4
382,7
383,13
384,2
384,3
385,2
386,2
387,1
387,2
388,2
389,2
390,2
391,2
391,5
392,2
393,2
393,12
394,2
395,2
395,5
396,2
397,2
398,4
399,11
400,7
401,4
401,12
402,4
403,4
404,4
405,4
406,9
406,14
407,9
408,9
409,3
409,9
410,9
411,8
411,9
412,9
412,14
413,3
413,9
414,14
415,7
416,3
416,4
417,3
418,4
419,4
420,7
421,7
422,10
423,3
423,12
424,5
425,6
426,4
427,13
428,2
429,2
430,2
430,13
431,2
432,1
432,2
433,2
434,2
435,2
436,2
437,2
438,2
438,3
439,2
439,5
440,2
441,1
441,2
442,2
443,2
443,5
444,2
444,13
445,2
446,2
447,4
448,3
449,3
450,4
451,4
452,9
453,9
454,9
455,8
455,9
456,9
457,3
457,9
458,14
459,7
460,3
461,3
461,4
462,5
462,15
463,5
464,10
465,5
466,3
466,12
467,11
468,6
469,10
470,7
471,9
472,4
473,4
474,5
474,15
475,2
476,2
477,2
478,2
479,2
480,2
481,1
481,2
482,2
482,3
483,2
484,2
484,5
485,2
486,1
486,2
486,3
487,2
487,5
488,2
488,5
489,2
489,5
490,1
490,2
491,2
491,5
492,4
493,3
494,1
494,3
495,4
496,4
497,4
498,4
499,8
499,9
500,8
500,9
501,8
501,9
502,3
502,9
503,9
503,11
504,7
505,3
505,4
506,7
507,11
508,4
509,7
510,5
511,11
512,7
513,4
514,11
515,3
515,12
516,3
517,6
518,10
519,4
520,4
521,2
522,2
523,2
523,13
524,2
525,2
526,2
527,2
527,5
528,2
529,2
530,2
531,2
532,2
532,13
533,2
534,2
535,2
536,4
537,3
538,3
539,4
540,11
541,4
542,4
543,4
544,3
544,9
545,3
545,9
545,14
546,3
546,9
547,9
548,9
549,9
549,14
550,3
550,9
551,7
552,3
552,9
553,3
553,4
554,3
554,4
555,4
556,4
557,7
558,5
559,10
560,5
561,6
562,10
563,4
564,2
565,2
566,2
566,13
567,1
567,2
568,2
569,2
570,2
570,5
571,2
571,13
572,2
572,5
573,2
574,2
575,2
576,4
577,3
578,11
579,4
580,4
581,3
581,9
582,8
582,9
583,9
584,9
585,9
586,9
586,11
587,9
588,7
588,8
588,9
589,9
590,3
590,9
591,3
591,9
592,14
593,7
594,3
595,3
595,4
596,8
597,10
598,7
599,5
600,6
601,10
602,10
603,4
604,4
605,2
606,2
607,2
608,1
608,2
609,2
610,2
611,2
611,3
612,2
612,5
613,1
613,2
614,2
615,2
616,2
617,2
618,2
618,12
619,2
619,3
620,2
621,4
622,4
623,9
623,14
624,3
624,9
625,9
626,3
626,9
627,3
627,9
627,14
628,3
628,9
629,9
630,7
630,8
630,9
631,9
632,7
633,3
633,4
634,7
635,12
636,7
637,3
638,7
639,5
640,6
641,4
642,4
643,2
644,2
645,2
646,2
647,2
648,2
649,1
649,2
650,2
650,3
651,2
652,2
652,3
653,2
654,2
654,5
655,2
656,2
656,12
657,1
657,2
658,4
659,4
660,4
660,12
661,4
662,4
663,4
664,9
664,14
665,3
665,9
666,9
667,3
667,9
668,7
668,8
668,9
669,9
670,3
670,9
671,14
672,2
673,7
674,3
674,4
675,7
676,4
677,4
678,7
679,12
680,10
681,5
682,3
682,12
683,6
684,4
685,4
686,2
687,2
687,5
688,2
689,2
690,4
691,4
692,4
693,9
693,14
694,3
694,9
695,9
696,3
696,9
697,9
698,8
698,9
699,9
700,3
700,9
701,9
701,11
702,7
703,4
704,7
705,5
706,12
707,10
708,2
708,5
709,3
710,5
711,6
712,10
713,4
714,4
715,2
715,13
716,1
716,2
717,2
717,5
718,2
719,1
719,2
720,2
721,2
722,2
723,2
724,2
725,2
726,2
727,2
728,1
728,2
729,4
730,11
731,4
732,4
733,4
734,4
735,9
736,9
737,9
738,3
738,9
739,9
740,3
740,9
741,9
742,9
743,7
744,3
744,4
745,7
746,4
747,2
748,6
749,4
750,13
751,1
751,2
752,2
752,13
753,2
753,13
754,2
755,2
755,5
756,4
757,3
757,12
758,3
758,9
759,9
760,9
761,9
762,7
763,4
764,4
765,4
766,9
767,7
767,8
767,9
768,3
768,9
769,7
770,7
771,2
771,12
772,7
773,5
774,6
775,10
776,4
777,2
778,2
779,1
779,2
780,1
780,2
781,2
782,2
783,2
784,2
784,5
785,2
785,5
786,2
786,5
787,2
788,2
788,3
789,4
790,7
791,4
792,4
793,4
794,9
794,14
795,9
796,9
797,3
797,9
798,7
798,8
798,9
799,7
800,3
800,4
801,7
802,7
803,4
804,3
804,4
805,4
806,7
807,5
808,12
809,10
810,3
810,12
811,5
812,6
813,9
814,4
815,4
816,2
817,2
817,13
818,2
819,1
819,2
820,2
821,2
822,2
822,5
823,2
823,5
824,2
825,2
825,5
826,4
827,4
828,3
828,9
829,9
830,3
830,9
831,9
832,9
832,14
833,3
833,9
834,7
835,3
835,4
836,7
837,7
838,8
839,11
840,4
841,9
842,9
842,11
843,1
843,3
843,9
844,9
845,3
845,8
845,9
846,9
846,14
847,9
848,9
849,3
849,9
850,9
851,8
851,9
852,9
853,1
853,3
853,9
854,7
854,8
854,9
855,9
856,1
856,3
856,9
857,9
857,11
858,1
858,3
858,9
859,7
860,4
861,5
861,15
862,8
863,6
864,7
865,10
866,9
867,4
868,4
869,5
869,7
870,1
870,2
871,1
871,2
871,5
872,2
873,2
874,2
874,5
875,4
876,7
877,4
878,9
878,11
879,3
879,9
880,9
881,9
882,9
883,3
883,9
884,9
884,11
885,8
885,9
886,3
886,9
887,7
887,8
887,9
888,9
889,3
889,9
890,3
890,9
891,14
892,7
893,7
894,11
895,3
896,4
897,8
898,5
899,10
900,2
901,8
902,5
903,6
904,7
905,10
905,14
906,10
907,2
908,2
909,1
909,2
910,1
910,2
911,2
912,2
913,2
914,2
915,2
915,3
916,2
916,3
917,2
917,5
918,2
919,2
920,2
920,5
921,2
922,2
923,2
923,5
923,15
924,1
924,2
925,2
926,7
927,3
928,3
928,4
929,7
930,5
931,12
932,7
933,10
934,3
934,12
935,5
936,6
937,9
938,9
939,4
940,4
941,2
942,2
943,1
943,2
944,2
945,2
946,2
946,5
947,2
948,2
949,4
950,4
951,4
951,12
952,4
953,4
954,9
954,11
955,3
955,9
956,9
957,3
957,9
958,7
958,8
958,9
959,9
960,9
960,14
961,1
961,3
961,9
962,9
962,11
963,7
964,3
964,4
965,4
966,4
967,7
968,5
969,12
970,10
971,7
972,2
973,2
974,5
975,6
976,4
977,13
978,2
979,2
980,2
981,1
981,2
982,2
982,5
983,2
983,5
984,1
984,2
985,2
986,2
987,2
988,2
989,2
990,2
990,3
991,2
991,12
992,2
992,3
993,4
994,4
995,4
995,12
996,4
997,4
998,9
999,9
1000,3
1000,9
1001,9
1002,3
1002,9
1003,9
1004,7
1004,8
1004,9
1005,9
1006,9
1006,14
1007,1
1007,3
1007,9
1008,8
1008,9
1009,7
1010,3
1010,4
1011,7
1012,4
1013,4
1014,7
1015,10
1016,7
1017,3
1017,12
1018,5
1019,6
1020,14
1021,9
1022,4
1023,2
1024,2
1025,2
1025,13
1026,2
1027,1
1027,2
1028,2
1028,5
1029,2
1029,5
1030,4
1031,7
1032,8
1033,8
1034,4
1035,4
1036,4
1037,9
1038,9
1039,3
1039,9
1040,3
1040,9
1041,9
1042,9
1042,14
1043,3
1043,9
1044,14
1045,7
1046,3
1047,3
1047,4
1048,4
1049,7
1050,5
1051,12
1052,7
1053,7
1054,10
1055,7
1056,3
1056,7
1057,5
1058,6
1059,10
1060,9
1061,4
1062,13
1063,2
1064,1
1064,2
1065,2
1066,2
1066,13
1067,2
1068,2
1069,2
1069,5
1070,2
1071,2
1072,2
1072,12
1073,4
1074,11
1075,8
1076,4
1077,4
1077,12
1078,4
1079,7
1080,9
1081,9
1082,3
1082,9
1083,7
1083,8
1083,9
1084,9
1085,9
1085,14
1086,9
1087,3
1087,9
1088,7
1089,3
1089,4
1090,7
1091,7
1092,4
1093,7
1094,8
1095,5
1096,5
1097,6
1098,4
1099,2
1100,2
1100,3
1101,1
1101,2
1101,13
1102,2
1102,5
1103,4
1104,4
1104,12
1105,4
1106,4
1107,3
1107,9
1108,3
1108,9
1108,14
1109,9
1110,9
1111,9
1112,9
1112,14
1113,3
1113,9
1114,7
1115,4
1116,4
1117,5
1118,12
1119,6
1120,4
1121,2
1122,2
1122,12
1123,2
1124,1
1124,2
1125,2
1125,5
1126,4
1127,7
1128,4
1129,7
1130,5
1131,7
1132,10
1133,11
1134,5
1135,7
1136,3
1136,7
1137,11
1138,11
1138,14
1139,5
1140,6
1141,10
1142,4
1143,1
1143,2
1144,1
1144,2
1144,14
1145,2
1146,2
1147,2
1148,2
1148,5
1149,2
1149,5
1150,4
1151,8
1152,8
1153,4
1154,4
1155,4
1156,9
1157,9
1158,9
1159,9
1160,14
1161,7
1162,14
1163,7
1164,4
1165,5
1166,7
1167,7
1168,7
1169,3
1169,7
1170,5
1171,6
1172,9
1173,7
1174,5
1174,8
1175,2
1176,2
1176,5
1177,8
1178,8
1179,8
1180,8
1181,9
1181,11
1182,3
1182,9
1183,9
1184,9
1185,8
1185,9
1186,8
1186,9
1187,9
1188,9
1188,14
1189,3
1189,9
1190,9
1190,11
1191,14
1192,7
1193,7
1194,7
1195,5
1196,6
1197,4
1198,2
1199,2
1199,5
1200,4
1201,4
1202,4
1203,7
1204,6
1205,6
1205,8
1206,6
1206,8
1207,9
1208,4
1209,8
1210,8
1211,2
1212,2
1212,5
1213,7
1214,4
1215,8
1216,5
1216,14
1217,4
1218,4
1219,4
1220,4
1221,9
1222,9
1223,14
1224,7
1225,4
